m	n	num_buckets	batch	rule	threads	grouping	winners	score_upper	score_lower	num_pruned_voters	t_quick_bounds_sec	t_pruning_sec	t_solver_sec	t_total_sec
10	100	5	3	Plurality	1	True	(9,)	14.050000000000006	13.049999999999999	7	0.0015959739685058594	0.00025010108947753906	0.0010886192321777344	0.004638671875
10	100	5	3	2-approval	1	True	(3,)	23.88888888888887	23.888888888888875	0	0.0013911724090576172	0.00021266937255859375	0.0011839866638183594	0.0044384002685546875
10	100	5	3	Borda	1	True	(3,)	480.3611111111108	480.3611111111111	0	0.0013718605041503906	0.00029540061950683594	0.004433631896972656	0.00886678695678711
10	100	5	5	Plurality	1	True	(7,)	14.566666666666663	13.566666666666666	2	0.0013833045959472656	0.0002186298370361328	0.0009083747863769531	0.004066944122314453
10	100	5	5	2-approval	1	True	(7,)	26.362962962962957	26.362962962962957	5	0.0013670921325683594	0.00019741058349609375	0.0009951591491699219	0.004058122634887695
10	100	5	5	Borda	1	True	(7,)	502.53333333333353	484.5333333333336	11	0.0013954639434814453	0.0002734661102294922	0.003766298294067383	0.007991313934326172
10	100	5	7	Plurality	1	True	(9,)	13.383333333333331	13.383333333333333	7	0.0013506412506103516	0.00023031234741210938	0.0009920597076416016	0.004129171371459961
10	100	5	7	2-approval	1	True	(9,)	27.85555555555556	25.855555555555554	8	0.0013687610626220703	0.00020432472229003906	0.001008749008178711	0.004063844680786133
10	100	5	7	Borda	1	True	(9,)	494.6555555555555	486.6555555555556	6	0.0013570785522460938	0.00029206275939941406	0.0039136409759521484	0.008195877075195312
10	100	5	0	Plurality	1	True	(0,)	14.599999999999996	13.6	1	0.001374959945678711	0.00022745132446289062	0.0009014606475830078	0.004059553146362305
10	100	5	0	2-approval	1	True	(2,)	24.988888888888876	24.988888888888884	2	0.0013659000396728516	0.00022220611572265625	0.001010894775390625	0.004145383834838867
10	100	5	0	Borda	1	True	(2,)	507.8083333333333	487.8083333333333	12	0.0013573169708251953	0.0002753734588623047	0.003756284713745117	0.007924795150756836
10	100	5	9	Plurality	1	True	(7,)	13.64166666666668	12.641666666666664	3	0.0013744831085205078	0.00022339820861816406	0.0009145736694335938	0.004113674163818359
10	100	5	9	2-approval	1	True	(7,)	29.198148148148153	24.198148148148142	20	0.0013613700866699219	0.0001811981201171875	0.0009789466857910156	0.0039136409759521484
10	100	5	9	Borda	1	True	(7,)	543.715277777778	498.7152777777777	18	0.0013756752014160156	0.0002338886260986328	0.003297090530395508	0.007138729095458984
10	100	5	2	Plurality	1	True	(1,)	13.208333333333341	13.20833333333333	3	0.0013916492462158203	0.0002231597900390625	0.0009255409240722656	0.004136323928833008
10	100	5	2	2-approval	1	True	(1,)	24.28333333333335	23.28333333333332	3	0.0013575553894042969	0.00021886825561523438	0.0012252330780029297	0.0044705867767333984
10	100	5	2	Borda	1	True	(1,)	485.78888888888895	477.7888888888888	4	0.001522064208984375	0.0003256797790527344	0.0049860477447509766	0.0101470947265625
10	100	5	4	Plurality	1	True	(2,)	20.35000000000001	14.35	16	0.001355886459350586	0.00019860267639160156	0.0007984638214111328	0.003742218017578125
10	100	5	4	2-approval	1	True	(2,)	35.38333333333333	27.383333333333326	26	0.0014159679412841797	0.0001621246337890625	0.0007977485656738281	0.0036163330078125
10	100	5	4	Borda	1	True	(2,)	501.6388888888891	481.6388888888889	8	0.001440286636352539	0.0002677440643310547	0.00392460823059082	0.008272886276245117
10	100	5	6	Plurality	1	True	(9,)	13.350000000000012	13.35	0	0.0013539791107177734	0.00021600723266601562	0.0008120536804199219	0.003953456878662109
10	100	5	6	2-approval	1	True	(4,)	26.394444444444442	25.39444444444444	1	0.0015196800231933594	0.00024628639221191406	0.0012469291687011719	0.0048367977142333984
10	100	5	6	Borda	1	True	(4,)	526.6519841269843	506.65198412698413	7	0.0013871192932128906	0.00025844573974609375	0.0034618377685546875	0.007486581802368164
10	100	5	8	Plurality	1	True	(9,)	17.466666666666665	14.466666666666669	13	0.0013892650604248047	0.00019097328186035156	0.0007443428039550781	0.003755331039428711
10	100	5	8	2-approval	1	True	(9,)	28.016666666666662	26.016666666666662	8	0.001392364501953125	0.00018358230590820312	0.0009129047393798828	0.003893136978149414
10	100	5	8	Borda	1	True	(9,)	523.1763888888887	493.1763888888888	14	0.0013926029205322266	0.0002467632293701172	0.003387928009033203	0.007352352142333984
10	100	5	1	Plurality	1	True	(3,)	15.683333333333332	14.683333333333337	3	0.0013642311096191406	0.00021886825561523438	0.0008730888366699219	0.0039904117584228516
10	100	5	1	2-approval	1	True	(2,)	28.444444444444446	25.444444444444432	13	0.001354217529296875	0.00020694732666015625	0.0010979175567626953	0.004126548767089844
10	100	5	1	Borda	1	True	(3,)	480.2097222222226	480.20972222222207	0	0.0013720989227294922	0.00028777122497558594	0.004013538360595703	0.008414745330810547
80	1000	10	2	Plurality	1	True	(29,)	15.158138701576032	15.158138701576192	0	0.13482284545898438	0.013149261474609375	0.30315279960632324	0.6072626113891602
80	1000	10	2	2-approval	1	True	(75,)	30.345183843056017	30.345183843055622	0	0.1354842185974121	0.012835025787353516	0.2928025722503662	0.5972259044647217
80	1000	10	2	Borda	1	True	(60,)	40997.58605911682	40988.586059116846	1	0.13746857643127441	0.013055801391601562	2.6079630851745605	3.3635573387145996
40	1000	5	5	Plurality	1	True	(39,)	27.792978271728003	27.79297827172819	0	0.05174899101257324	0.007478952407836914	0.21021723747253418	0.3401925563812256
40	1000	5	5	2-approval	1	True	(33,)	55.5998215673228	55.59982156732143	0	0.05139327049255371	0.007281303405761719	0.20763587951660156	0.3364684581756592
40	1000	5	5	Borda	1	True	(8,)	20099.013273492652	20002.013273492652	6	0.051726341247558594	0.007600069046020508	0.9477300643920898	1.2026150226593018
20	1000	5	5	Plurality	1	True	(9,)	62.590912698414044	57.59091269841253	8	0.02643108367919922	0.004247188568115234	0.041152238845825195	0.10605359077453613
20	1000	5	5	2-approval	1	True	(9,)	120.27129908103689	112.27129908103558	21	0.026140213012695312	0.004166841506958008	0.0436403751373291	0.1081533432006836
20	1000	5	5	Borda	1	True	(9,)	10047.015183178524	9854.015183178542	26	0.026587247848510742	0.004418134689331055	0.18572139739990234	0.28737306594848633
80	1000	20	6	Plurality	1	True	(30,)	16.189062500000077	16.189062499999988	1	0.19403982162475586	0.01266932487487793	0.09506106376647949	0.5005261898040771
80	1000	20	6	2-approval	1	True	(32,)	32.59272930480219	31.592729304802063	2	0.2033679485321045	0.01227879524230957	0.09888291358947754	0.5119926929473877
80	1000	20	6	Borda	1	True	(55,)	41546.8338885472	41281.8338885472	41	0.19563746452331543	0.011424779891967773	1.294564962387085	2.0571701526641846
10	1000	5	2	Plurality	1	True	(5,)	112.22166666666664	108.22166666666655	19	0.015320539474487305	0.0026483535766601562	0.01190805435180664	0.04979658126831055
10	1000	5	2	2-approval	1	True	(5,)	224.67444444444317	214.67444444444436	31	0.013544321060180664	0.0021517276763916016	0.011890888214111328	0.044605255126953125
10	1000	5	2	Borda	1	True	(5,)	4837.273412698423	4670.273412698418	66	0.01359868049621582	0.0026726722717285156	0.041416168212890625	0.08541226387023926
80	1000	10	4	Plurality	1	True	(77,)	16.388630570817877	16.388630570818055	0	0.13776063919067383	0.013005733489990234	0.30190062522888184	0.6087336540222168
80	1000	10	4	2-approval	1	True	(77,)	35.29710241147775	32.29710241147738	8	0.13594818115234375	0.012833833694458008	0.2983970642089844	0.6025586128234863
80	1000	10	4	Borda	1	True	(55,)	42280.46371088132	41229.46371088132	48	0.1364130973815918	0.012523889541625977	2.4384217262268066	3.1625211238861084
40	1000	5	7	Plurality	1	True	(21,)	27.253303328615495	27.25330332861574	0	0.05161428451538086	0.007404327392578125	0.2133173942565918	0.34346628189086914
40	1000	5	7	2-approval	1	True	(21,)	54.506606657232616	54.50660665723148	0	0.05194902420043945	0.007407426834106445	0.21085166931152344	0.34085512161254883
40	1000	5	7	Borda	1	True	(35,)	20331.481352123723	20174.48135212373	10	0.05179262161254883	0.00752711296081543	0.938159704208374	1.1903915405273438
80	1000	20	8	Plurality	1	True	(35,)	17.458139880952476	17.45813988095237	0	0.20055413246154785	0.01244044303894043	0.0957953929901123	0.5065293312072754
80	1000	20	8	2-approval	1	True	(35,)	34.90185993068127	34.90185993068111	16	0.19628643989562988	0.011839866638183594	0.09466910362243652	0.49127650260925293
80	1000	20	8	Borda	1	True	(38,)	41161.41627135797	41153.41627135797	2	0.1953904628753662	0.011883735656738281	1.327848196029663	2.108914613723755
10	1000	5	4	Plurality	1	True	(9,)	110.74166666666649	107.74166666666655	22	0.014871835708618164	0.0022933483123779297	0.010102272033691406	0.04538583755493164
10	1000	5	4	2-approval	1	True	(6,)	208.3462962962948	208.34629629629612	0	0.013615608215332031	0.002290487289428711	0.012759208679199219	0.046872854232788086
10	1000	5	4	Borda	1	True	(8,)	4567.987103174597	4558.987103174595	5	0.01362156867980957	0.002864360809326172	0.04595327377319336	0.0928487777709961
80	1000	10	6	Plurality	1	True	(2,)	15.956967789155328	15.956967789155266	1	0.1359562873840332	0.012992143630981445	0.30002665519714355	0.6065971851348877
80	1000	10	6	2-approval	1	True	(2,)	31.913935578310905	31.913935578310532	8	0.13525009155273438	0.012720108032226562	0.2924220561981201	0.5938072204589844
80	1000	10	6	Borda	1	True	(34,)	41302.61432901493	41270.61432901495	2	0.13696074485778809	0.012834310531616211	2.4781429767608643	3.2148139476776123
40	1000	5	0	Plurality	1	True	(12,)	27.668713924963615	27.668713924963857	1	0.0510251522064209	0.007509708404541016	0.20946335792541504	0.3381173610687256
40	1000	5	0	2-approval	1	True	(12,)	55.33742784992892	55.337427849927714	1	0.05147218704223633	0.007307291030883789	0.2106316089630127	0.3399381637573242
40	1000	5	0	Borda	1	True	(29,)	20209.735817227607	20130.735817227633	4	0.05229306221008301	0.0075452327728271484	0.9387052059173584	1.1908860206604004
40	1000	5	9	Plurality	1	True	(12,)	27.532243520367874	27.53224352036846	1	0.0513758659362793	0.007379055023193359	0.2102510929107666	0.33954668045043945
40	1000	5	9	2-approval	1	True	(12,)	56.71747849372972	54.71747849372837	3	0.05171513557434082	0.007262229919433594	0.2097785472869873	0.33906054496765137
40	1000	5	9	Borda	1	True	(12,)	20407.542451828594	20178.54245182859	15	0.051552772521972656	0.007429838180541992	0.9351053237915039	1.1864268779754639
20	1000	5	0	Plurality	1	True	(17,)	54.71547619047702	54.71547619047607	1	0.026235580444335938	0.004353761672973633	0.043753862380981445	0.10884809494018555
20	1000	5	0	2-approval	1	True	(19,)	110.44169172932358	109.44169172932308	4	0.026230573654174805	0.004240989685058594	0.04625082015991211	0.11173868179321289
20	1000	5	0	Borda	1	True	(19,)	9909.689677105647	9764.689677105644	27	0.02623772621154785	0.0044362545013427734	0.1888902187347412	0.2919774055480957
80	1000	20	1	Plurality	1	True	(10,)	17.42741071428582	17.427410714285706	5	0.19665145874023438	0.012408256530761719	0.09027814865112305	0.4951293468475342
80	1000	20	1	2-approval	1	True	(50,)	35.98677215189883	33.98677215189873	8	0.19687986373901367	0.01187753677368164	0.09086275100708008	0.49054718017578125
80	1000	20	1	Borda	1	True	(64,)	41397.326870730314	41281.326870730314	18	0.1942915916442871	0.011583805084228516	1.3184912204742432	2.098536252975464
10	1000	5	6	Plurality	1	True	(8,)	112.86666666666689	109.86666666666662	16	0.013527631759643555	0.0022306442260742188	0.009544134140014648	0.042166709899902344
10	1000	5	6	2-approval	1	True	(0,)	217.38148148148028	214.3814814814812	7	0.01346898078918457	0.0021305084228515625	0.011905908584594727	0.0448760986328125
10	1000	5	6	Borda	1	True	(3,)	4616.1869047619075	4604.186904761903	2	0.013725757598876953	0.002825498580932617	0.0452880859375	0.09187150001525879
80	1000	10	8	Plurality	1	True	(37,)	15.43192463786203	15.431924637862126	0	0.13495421409606934	0.01305389404296875	0.29967308044433594	0.6041164398193359
80	1000	10	8	2-approval	1	True	(37,)	30.86384927572458	30.863849275724252	0	0.13696503639221191	0.012820720672607422	0.296795129776001	0.6024863719940186
80	1000	10	8	Borda	1	True	(28,)	41791.424772705635	41279.42477270562	23	0.1374039649963379	0.012726545333862305	2.4451053142547607	3.177248477935791
40	1000	5	2	Plurality	1	True	(26,)	28.06857961482912	28.06857961482954	1	0.051796674728393555	0.007445096969604492	0.208021879196167	0.33747172355651855
40	1000	5	2	2-approval	1	True	(26,)	56.91840922966082	55.91840922965908	2	0.05113649368286133	0.007233381271362305	0.20516371726989746	0.33361363410949707
40	1000	5	2	Borda	1	True	(19,)	20247.75814684393	20079.75814684395	10	0.051796674728393555	0.007547855377197266	0.9399325847625732	1.1926438808441162
80	1000	5	5	Plurality	1	True	(61,)	14.352995785526081	14.352995785527042	0	0.10385727882385254	0.0134429931640625	1.254859209060669	1.515516996383667
80	1000	5	5	2-approval	1	True	(61,)	28.705991571053882	28.705991571054085	0	0.10260677337646484	0.013336181640625	1.238107442855835	1.4975087642669678
80	1000	5	5	Borda	1	True	(67,)	40999.45997054768	40999.45997054766	0	0.10423898696899414	0.01425933837890625	5.635005950927734	6.35748815536499
80	1000	10	1	Plurality	1	True	(69,)	15.091552024364336	15.091552024364494	0	0.1364450454711914	0.013031721115112305	0.2987687587738037	0.6048998832702637
80	1000	10	1	2-approval	1	True	(69,)	30.18310404872947	30.18310404872899	0	0.1355907917022705	0.0129852294921875	0.29601216316223145	0.6021478176116943
80	1000	10	1	Borda	1	True	(29,)	41232.289799414	40919.289799414	15	0.13727450370788574	0.013073444366455078	2.54496693611145	3.2991786003112793
40	1000	5	4	Plurality	1	True	(5,)	28.524312076811704	28.52431207681198	0	0.052370548248291016	0.007556915283203125	0.20853328704833984	0.34084463119506836
40	1000	5	4	2-approval	1	True	(5,)	57.74862415362542	56.748624153623965	1	0.05147290229797363	0.007319927215576172	0.20584774017333984	0.3351764678955078
40	1000	5	4	Borda	1	True	(0,)	20269.446035442128	20196.446035442113	6	0.05185842514038086	0.007490634918212891	0.9257380962371826	1.1785657405853271
20	1000	5	7	Plurality	1	True	(13,)	63.4472023809539	57.44720238095228	17	0.026718616485595703	0.004217863082885742	0.041483402252197266	0.10707998275756836
20	1000	5	7	2-approval	1	True	(13,)	122.29484335839695	113.29484335839577	26	0.026584863662719727	0.00426173210144043	0.043955326080322266	0.10927486419677734
20	1000	5	7	Borda	1	True	(13,)	9858.117002063997	9790.117002064011	8	0.026392698287963867	0.0045337677001953125	0.18973350524902344	0.29335856437683105
80	1000	5	7	Plurality	1	True	(22,)	14.537455748370043	14.537455748370967	0	0.10304474830627441	0.013479948043823242	1.2131633758544922	1.473695993423462
80	1000	5	7	2-approval	1	True	(22,)	30.049911496741814	29.049911496741935	1	0.10280466079711914	0.013337135314941406	1.218651533126831	1.4808292388916016
80	1000	5	7	Borda	1	True	(15,)	41315.230543783975	41285.23054378399	1	0.10247397422790527	0.014068365097045898	5.538684606552124	6.250739812850952
80	1000	10	3	Plurality	1	True	(68,)	14.609539696414629	14.609539696414686	0	0.13502025604248047	0.01312708854675293	0.30643320083618164	0.6128840446472168
80	1000	10	3	2-approval	1	True	(68,)	29.219079392829638	29.21907939282937	2	0.13684415817260742	0.013154029846191406	0.30246448516845703	0.6126716136932373
80	1000	10	3	Borda	1	True	(15,)	41153.3775261675	41126.37752616748	2	0.1377263069152832	0.013192415237426758	2.565789222717285	3.313835382461548
40	1000	5	6	Plurality	1	True	(5,)	28.356712107336175	28.356712107336996	1	0.051848411560058594	0.00737762451171875	0.19971513748168945	0.3291046619415283
40	1000	5	6	2-approval	1	True	(5,)	56.774413225664944	56.774413225663004	4	0.05404472351074219	0.007414102554321289	0.19813275337219238	0.33077216148376465
40	1000	5	6	Borda	1	True	(3,)	20072.541538099063	20072.5415380991	0	0.05234718322753906	0.007684946060180664	0.9336757659912109	1.1904051303863525
20	1000	5	9	Plurality	1	True	(4,)	54.14781746031836	54.14781746031731	0	0.026432275772094727	0.004378557205200195	0.04317474365234375	0.10956668853759766
20	1000	5	9	2-approval	1	True	(11,)	111.31349624060223	109.31349624060124	2	0.026353120803833008	0.004300117492675781	0.04650306701660156	0.11238312721252441
20	1000	5	9	Borda	1	True	(18,)	9867.28586865922	9773.2858686592	10	0.02671957015991211	0.0045244693756103516	0.18843555450439453	0.2927534580230713
80	1000	5	0	Plurality	1	True	(36,)	14.635961984813434	14.635961984814292	0	0.1029512882232666	0.013311147689819336	1.2140753269195557	1.474189281463623
80	1000	5	0	2-approval	1	True	(36,)	29.27192396962847	29.271923969628585	0	0.10168766975402832	0.013297557830810547	1.2183256149291992	1.4774188995361328
80	1000	5	0	Borda	1	True	(40,)	41967.70315057002	41154.703150570065	27	0.10302066802978516	0.014101982116699219	5.58044171333313	6.287003517150879
80	1000	5	9	Plurality	1	True	(72,)	14.50881009293114	14.508810092932062	0	0.10273122787475586	0.01335453987121582	1.2277262210845947	1.4907171726226807
80	1000	5	9	2-approval	1	True	(72,)	29.017620185864203	29.017620185864125	1	0.10299825668334961	0.013396263122558594	1.2215683460235596	1.4833440780639648
80	1000	5	9	Borda	1	True	(28,)	41041.97981357446	41041.97981357443	0	0.10279607772827148	0.014131784439086914	5.459000110626221	6.174695014953613
20	1000	5	2	Plurality	1	True	(12,)	58.087698412699574	57.08769841269832	6	0.02929854393005371	0.0045359134674072266	0.04436445236206055	0.1153874397277832
20	1000	5	2	2-approval	1	True	(12,)	114.61197577276606	113.61197577276504	5	0.02619004249572754	0.00424647331237793	0.04546189308166504	0.11056208610534668
20	1000	5	2	Borda	1	True	(10,)	9811.295086627777	9742.295086627759	9	0.026682376861572266	0.00455927848815918	0.19176530838012695	0.2961769104003906
80	1000	20	3	Plurality	1	True	(70,)	19.097147817460396	17.09714781746031	14	0.1965036392211914	0.01244211196899414	0.09460258483886719	0.5040743350982666
80	1000	20	3	2-approval	1	True	(70,)	33.565656394414425	32.5656563944143	8	0.20063996315002441	0.012238502502441406	0.09835672378540039	0.507521390914917
80	1000	20	3	Borda	1	True	(66,)	41818.72622317991	41441.72622317991	43	0.19563984870910645	0.010945796966552734	1.2249541282653809	1.9769744873046875
80	1000	5	2	Plurality	1	True	(39,)	14.443967907484277	14.44396790748508	0	0.1040799617767334	0.013535261154174805	1.198362112045288	1.463714838027954
80	1000	5	2	2-approval	1	True	(39,)	29.801824703859015	28.801824703859047	2	0.10639572143554688	0.013302087783813477	1.1696686744689941	1.4326088428497314
80	1000	5	2	Borda	1	True	(9,)	41004.85515342657	40943.85515342655	2	0.10306215286254883	0.01441645622253418	5.604546308517456	6.321807384490967
10	1000	5	8	Plurality	1	True	(5,)	112.73333333333322	111.73333333333318	5	0.013542413711547852	0.0022721290588378906	0.009800434112548828	0.04256582260131836
10	1000	5	8	2-approval	1	True	(7,)	213.9940740740728	213.99407407407372	5	0.015671491622924805	0.0022420883178710938	0.012148141860961914	0.047876834869384766
10	1000	5	8	Borda	1	True	(8,)	4604.911904761894	4596.911904761902	4	0.013706445693969727	0.0028645992279052734	0.0451509952545166	0.09232306480407715
40	1000	5	1	Plurality	1	True	(21,)	28.850821574258326	28.850821574258948	2	0.056455135345458984	0.007339000701904297	0.20958352088928223	0.3449234962463379
40	1000	5	1	2-approval	1	True	(21,)	59.60164314851935	57.6016431485179	7	0.05181598663330078	0.007280111312866211	0.2055821418762207	0.334871768951416
40	1000	5	1	Borda	1	True	(21,)	20235.942177679593	20180.942177679583	5	0.05166339874267578	0.007535457611083984	0.919776439666748	1.171882152557373
20	1000	5	4	Plurality	1	True	(18,)	56.80769841269978	56.807698412698244	6	0.026195764541625977	0.0042781829833984375	0.04411029815673828	0.10959219932556152
20	1000	5	4	2-approval	1	True	(18,)	115.30643692564846	113.30643692564715	10	0.026407718658447266	0.004308938980102539	0.045351505279541016	0.11213827133178711
20	1000	5	4	Borda	1	True	(11,)	9809.542666408697	9721.542666408666	11	0.02663397789001465	0.0045757293701171875	0.19128704071044922	0.29564666748046875
80	1000	20	5	Plurality	1	True	(41,)	17.15849702380965	17.158497023809506	3	0.1961989402770996	0.012704133987426758	0.09473514556884766	0.5053420066833496
80	1000	20	5	2-approval	1	True	(41,)	33.314218279083924	33.31421827908375	3	0.20087909698486328	0.012239217758178711	0.0977640151977539	0.5055122375488281
80	1000	20	5	Borda	1	True	(22,)	40939.63726268524	40913.63726268524	4	0.19859981536865234	0.012013912200927734	1.361095666885376	2.1656579971313477
10	1000	5	1	Plurality	1	True	(7,)	115.03000000000002	109.02999999999993	17	0.01352071762084961	0.002276897430419922	0.010071754455566406	0.04290270805358887
10	1000	5	1	2-approval	1	True	(7,)	226.91370370370228	214.9137037037037	51	0.013571739196777344	0.0021097660064697266	0.011670351028442383	0.04433703422546387
10	1000	5	1	Borda	1	True	(7,)	4708.009325396822	4626.009325396828	30	0.013535499572753906	0.0028204917907714844	0.043478965759277344	0.08893513679504395
80	1000	5	4	Plurality	1	True	(65,)	14.511885232158473	14.511885232159667	0	0.10338854789733887	0.01340484619140625	1.2147984504699707	1.476928472518921
80	1000	5	4	2-approval	1	True	(65,)	29.99877046431831	28.998770464319335	3	0.10289907455444336	0.01319122314453125	1.187422275543213	1.4465854167938232
80	1000	5	4	Borda	1	True	(9,)	40852.30514668381	40731.30514668383	5	0.10371184349060059	0.01432490348815918	5.6069183349609375	6.331871271133423
20	1000	5	6	Plurality	1	True	(15,)	56.72599206349301	56.72599206349195	0	0.026295185089111328	0.004310131072998047	0.0437777042388916	0.10936522483825684
20	1000	5	6	2-approval	1	True	(18,)	112.70107978279093	111.70107978279003	7	0.026334047317504883	0.004212141036987305	0.04581761360168457	0.11132574081420898
20	1000	5	6	Borda	1	True	(18,)	9952.93416190363	9824.934161903624	18	0.026807069778442383	0.004528045654296875	0.187056303024292	0.2906057834625244
80	1000	20	7	Plurality	1	True	(74,)	18.627782738095334	17.627782738095227	21	0.19653892517089844	0.012444734573364258	0.09504342079162598	0.5010192394256592
80	1000	20	7	2-approval	1	True	(74,)	34.977938893912075	32.97793889391197	22	0.19742441177368164	0.01196432113647461	0.0959169864654541	0.4955158233642578
80	1000	20	7	Borda	1	True	(8,)	41846.27996126622	41059.27996126622	80	0.19790434837341309	0.01133418083190918	1.2944700717926025	2.068755626678467
10	1000	5	3	Plurality	1	True	(3,)	116.37500000000026	114.37499999999987	3	0.013664484024047852	0.0022573471069335938	0.009806156158447266	0.042611122131347656
10	1000	5	3	2-approval	1	True	(3,)	222.46851851851787	219.46851851851847	8	0.013705968856811523	0.002124786376953125	0.012110471725463867	0.04536724090576172
10	1000	5	3	Borda	1	True	(3,)	4654.035515873025	4640.035515873018	4	0.013668537139892578	0.0029180049896240234	0.04489588737487793	0.09117007255554199
80	1000	5	6	Plurality	1	True	(8,)	14.243338068771104	14.243338068772431	0	0.10307502746582031	0.013530969619750977	1.212339162826538	1.4753615856170654
80	1000	5	6	2-approval	1	True	(8,)	29.461676137544334	28.461676137544863	1	0.10320711135864258	0.013388395309448242	1.2063159942626953	1.4679808616638184
80	1000	5	6	Borda	1	True	(25,)	41231.50022472967	40905.50022472975	11	0.10408759117126465	0.01420140266418457	5.604701995849609	6.318742275238037
80	1000	10	5	Plurality	1	True	(44,)	15.501340048839914	15.501340048840023	1	0.13694047927856445	0.013142824172973633	0.2957496643066406	0.6034014225006104
80	1000	10	5	2-approval	1	True	(44,)	31.00268009768041	31.002680097680045	2	0.13737201690673828	0.012908458709716797	0.29483938217163086	0.602222204208374
80	1000	10	5	Borda	1	True	(68,)	41472.04175324709	41457.041753247075	2	0.1356654167175293	0.012827873229980469	2.4553885459899902	3.1842432022094727
40	1000	5	8	Plurality	1	True	(9,)	27.546515914640647	27.546515914640842	0	0.051151275634765625	0.007425785064697266	0.2106482982635498	0.339827299118042
40	1000	5	8	2-approval	1	True	(9,)	55.93394092019212	54.93394092019078	1	0.05230998992919922	0.0073375701904296875	0.20949149131774902	0.3402571678161621
40	1000	5	8	Borda	1	True	(15,)	20218.353828776984	20079.35382877702	8	0.051703691482543945	0.007633686065673828	0.9378023147583008	1.1953258514404297
80	1000	20	0	Plurality	1	True	(61,)	21.272380952381006	19.27238095238094	22	0.19703269004821777	0.012387275695800781	0.0970315933227539	0.5020396709442139
80	1000	20	0	2-approval	1	True	(61,)	41.45467751657643	36.454677516576226	32	0.19860029220581055	0.0115509033203125	0.09390950202941895	0.48969602584838867
80	1000	20	0	Borda	1	True	(43,)	41111.05235590829	40970.05235590829	22	0.1972370147705078	0.0118408203125	1.3416647911071777	2.1364877223968506
20	1000	5	8	Plurality	1	True	(4,)	57.417440476191274	56.41744047619037	4	0.026555299758911133	0.004292488098144531	0.0437619686126709	0.10979843139648438
20	1000	5	8	2-approval	1	True	(4,)	110.80988095238133	109.8098809523808	7	0.026432037353515625	0.004317283630371094	0.04609107971191406	0.11197233200073242
20	1000	5	8	Borda	1	True	(18,)	9896.96282249742	9751.962822497417	19	0.02638411521911621	0.004405498504638672	0.18618988990783691	0.2897224426269531
80	1000	20	9	Plurality	1	True	(24,)	16.89805059523819	16.89805059523807	0	0.19683480262756348	0.012600898742675781	0.09318184852600098	0.5045020580291748
80	1000	20	9	2-approval	1	True	(64,)	33.78965378239914	31.789653782399007	5	0.2005159854888916	0.01208639144897461	0.09224772453308105	0.4971628189086914
80	1000	20	9	Borda	1	True	(50,)	41378.962676233765	41272.962676233765	15	0.1967301368713379	0.011533498764038086	1.3005549907684326	2.08073091506958
10	1000	5	5	Plurality	1	True	(1,)	126.05499999999982	115.05499999999991	33	0.013597488403320312	0.0021686553955078125	0.009318113327026367	0.04175615310668945
10	1000	5	5	2-approval	1	True	(1,)	220.12296296296176	216.1229629629628	10	0.013798236846923828	0.0021347999572753906	0.01131296157836914	0.04461026191711426
10	1000	5	5	Borda	1	True	(4,)	4699.1005952380965	4628.1005952380965	22	0.013973474502563477	0.002763509750366211	0.043833017349243164	0.09003925323486328
80	1000	5	8	Plurality	1	True	(63,)	13.76995934323635	13.769959343237364	0	0.10309815406799316	0.013483047485351562	1.1769435405731201	1.437023401260376
80	1000	5	8	2-approval	1	True	(63,)	27.539918686474476	27.539918686474728	0	0.10396170616149902	0.013585329055786133	1.2023601531982422	1.4661695957183838
80	1000	5	8	Borda	1	True	(45,)	40968.35307198371	40804.35307198371	7	0.11298394203186035	0.014129161834716797	5.53769850730896	6.266932249069214
80	1000	10	7	Plurality	1	True	(25,)	16.281711604367686	15.281711604367834	2	0.13764023780822754	0.013095378875732422	0.30831289291381836	0.6183936595916748
80	1000	10	7	2-approval	1	True	(25,)	31.563423208735994	30.563423208735667	5	0.13593673706054688	0.01293635368347168	0.30242228507995605	0.6106479167938232
80	1000	10	7	Borda	1	True	(25,)	41368.53424005483	40762.534240054825	29	0.1395249366760254	0.012977838516235352	2.5238680839538574	3.274578809738159
20	1000	5	1	Plurality	1	True	(4,)	55.32178571428686	55.32178571428563	2	0.026236772537231445	0.004275798797607422	0.04318404197692871	0.10894918441772461
20	1000	5	1	2-approval	1	True	(9,)	110.7606829573941	109.76068295739319	2	0.02614593505859375	0.0042836666107177734	0.0460205078125	0.11135029792785645
20	1000	5	1	Borda	1	True	(9,)	10005.924548503623	9790.92454850361	32	0.02645134925842285	0.004491090774536133	0.18753433227539062	0.2906479835510254
80	1000	20	2	Plurality	1	True	(6,)	18.188630952381025	17.18863095238095	3	0.19522714614868164	0.012546539306640625	0.0944831371307373	0.5012071132659912
80	1000	20	2	2-approval	1	True	(6,)	32.86966696805317	31.869666968053043	1	0.19650530815124512	0.012234926223754883	0.09649276733398438	0.5004067420959473
80	1000	20	2	Borda	1	True	(10,)	41084.01664757012	40839.01664757012	26	0.19857168197631836	0.011983633041381836	1.3828814029693604	2.1949164867401123
80	1000	5	1	Plurality	1	True	(52,)	14.193066820268964	14.193066820269772	0	0.1035912036895752	0.013577461242675781	1.1811659336090088	1.442662000656128
80	1000	5	1	2-approval	1	True	(52,)	28.386133640539818	28.386133640539544	0	0.10232186317443848	0.013295412063598633	1.173112392425537	1.4326748847961426
80	1000	5	1	Borda	1	True	(52,)	40643.414675010245	40564.41467501024	3	0.1047048568725586	0.014400959014892578	5.689351558685303	6.41460394859314
10	1000	5	7	Plurality	1	True	(1,)	122.44166666666663	115.44166666666652	22	0.013873100280761719	0.002274036407470703	0.009867191314697266	0.04314422607421875
10	1000	5	7	2-approval	1	True	(1,)	252.6888888888878	225.68888888888856	76	0.013878345489501953	0.0019485950469970703	0.010670185089111328	0.0426943302154541
10	1000	5	7	Borda	1	True	(5,)	4650.1208333333425	4637.120833333334	3	0.013932943344116211	0.002848386764526367	0.04401445388793945	0.09058642387390137
80	1000	10	0	Plurality	1	True	(22,)	14.778837967587926	14.778837967587952	0	0.13654732704162598	0.01324319839477539	0.3009653091430664	0.6092875003814697
80	1000	10	0	2-approval	1	True	(22,)	30.532675935176247	29.532675935175906	1	0.13713312149047852	0.013230323791503906	0.3010671138763428	0.6099481582641602
80	1000	10	0	Borda	1	True	(36,)	41141.677156614205	41106.6771566142	3	0.13761687278747559	0.013014793395996094	2.503643274307251	3.2507355213165283
80	1000	10	9	Plurality	1	True	(77,)	15.5130543068042	15.513054306804289	0	0.13625550270080566	0.013075828552246094	0.30633020401000977	0.6144933700561523
80	1000	10	9	2-approval	1	True	(77,)	32.00110861360891	31.00110861360858	4	0.13826322555541992	0.012925863265991211	0.301379919052124	0.6088681221008301
80	1000	10	9	Borda	1	True	(77,)	40858.2409639685	40712.24096396852	6	0.13661623001098633	0.0131988525390625	2.538762331008911	3.2935643196105957
40	1000	5	3	Plurality	1	True	(37,)	29.519092712842106	28.51909271284266	3	0.05174708366394043	0.0074427127838134766	0.19949626922607422	0.32912349700927734
40	1000	5	3	2-approval	1	True	(37,)	58.03818542568659	57.03818542568532	5	0.05229330062866211	0.007277488708496094	0.20161867141723633	0.33119821548461914
40	1000	5	3	Borda	1	True	(17,)	20063.047162123985	20040.047162124	2	0.051827192306518555	0.007662057876586914	0.9413318634033203	1.1991422176361084
20	1000	5	3	Plurality	1	True	(16,)	55.483273809525166	54.483273809523624	1	0.026637554168701172	0.004350900650024414	0.043517112731933594	0.10918998718261719
20	1000	5	3	2-approval	1	True	(16,)	108.96303258145453	107.96303258145333	5	0.02613210678100586	0.0044100284576416016	0.04611492156982422	0.11191153526306152
20	1000	5	3	Borda	1	True	(16,)	9836.39615583074	9739.396155830753	14	0.026335716247558594	0.004492759704589844	0.19020867347717285	0.29378581047058105
80	1000	20	4	Plurality	1	True	(37,)	21.214583333333383	19.214583333333323	15	0.19758343696594238	0.012079715728759766	0.09290742874145508	0.4956986904144287
80	1000	20	4	2-approval	1	True	(37,)	40.37165084388201	36.37165084388183	39	0.19611620903015137	0.011241674423217773	0.09080672264099121	0.47976160049438477
80	1000	20	4	Borda	1	True	(69,)	41056.32326817542	41040.32326817542	2	0.20027637481689453	0.011882543563842773	1.3336546421051025	2.1321558952331543
10	1000	5	0	Plurality	1	True	(5,)	116.75499999999992	110.7549999999999	32	0.01369166374206543	0.0022301673889160156	0.00983428955078125	0.042814016342163086
10	1000	5	0	2-approval	1	True	(2,)	212.18703703703605	212.18703703703673	0	0.015127897262573242	0.002508401870727539	0.014589309692382812	0.05258655548095703
10	1000	5	0	Borda	1	True	(5,)	4640.795833333338	4627.795833333332	7	0.01387166976928711	0.002902507781982422	0.04507589340209961	0.09174919128417969
80	1000	5	3	Plurality	1	True	(45,)	14.540135324501875	14.540135324503018	0	0.10241246223449707	0.013366222381591797	1.187838077545166	1.4452359676361084
80	1000	5	3	2-approval	1	True	(45,)	29.08027064900547	29.080270649006035	0	0.10302877426147461	0.01331639289855957	1.190298318862915	1.4518346786499023
80	1000	5	3	Borda	1	True	(31,)	41361.02615258129	41282.02615258132	1	0.10435342788696289	0.01419830322265625	5.530909061431885	6.249100923538208
10	1000	5	9	Plurality	1	True	(7,)	113.16666666666647	108.16666666666663	14	0.013858556747436523	0.002279520034790039	0.009943962097167969	0.0433812141418457
10	1000	5	9	2-approval	1	True	(6,)	214.22111111111047	210.22111111111107	18	0.013686418533325195	0.002120494842529297	0.011877298355102539	0.04507565498352051
10	1000	5	9	Borda	1	True	(8,)	4574.902182539666	4572.902182539672	1	0.013768672943115234	0.0028679370880126953	0.04544711112976074	0.09269237518310547
10	10000	5	3	Plurality	1	True	(0,)	1045.043333333279	1030.0433333333494	37	0.13450026512145996	0.022569656372070312	0.10192632675170898	0.4339256286621094
10	10000	5	3	2-approval	1	True	(0,)	2050.3670370369273	2034.3670370371024	45	0.1347517967224121	0.021640777587890625	0.12517929077148438	0.4622995853424072
10	10000	5	3	Borda	1	True	(6,)	45254.85416666615	45187.85416666614	29	0.13564610481262207	0.0288541316986084	0.46368932723999023	0.9362857341766357
10	10000	5	5	Plurality	1	True	(8,)	1029.2649999999433	1021.265000000018	33	0.13471651077270508	0.022876262664794922	0.10164403915405273	0.43526244163513184
10	10000	5	5	2-approval	1	True	(5,)	2042.2988888887726	2031.298888888954	35	0.1356039047241211	0.0218660831451416	0.12414240837097168	0.4622669219970703
10	10000	5	5	Borda	1	True	(8,)	45231.05813492046	45207.0581349205	9	0.13487887382507324	0.028615474700927734	0.4612729549407959	0.9327723979949951
10	10000	5	7	Plurality	1	True	(2,)	1039.0816666666117	1031.0816666666828	36	0.13428664207458496	0.022678613662719727	0.09998774528503418	0.4317646026611328
10	10000	5	7	2-approval	1	True	(2,)	2088.247037036922	2050.2470370371043	134	0.13676905632019043	0.02119755744934082	0.1214444637298584	0.4575638771057129
10	10000	5	7	Borda	1	True	(2,)	45771.471230158815	45406.4712301588	156	0.13547039031982422	0.028342485427856445	0.4564857482910156	0.924422025680542
10	10000	5	0	Plurality	1	True	(5,)	1038.508333333284	1027.5083333333503	31	0.13484764099121094	0.02292346954345703	0.1016089916229248	0.48359131813049316
10	10000	5	0	2-approval	1	True	(5,)	2074.1488888887816	2045.1488888889528	80	0.13435792922973633	0.021352291107177734	0.12267613410949707	0.45761895179748535
10	10000	5	0	Borda	1	True	(4,)	45507.148214286055	45399.14821428607	41	0.1352860927581787	0.028545379638671875	0.45850682258605957	0.9304192066192627
10	10000	5	9	Plurality	1	True	(0,)	1036.8049999999425	1023.805000000015	47	0.1373453140258789	0.02260875701904297	0.10252928733825684	0.4418022632598877
10	10000	5	9	2-approval	1	True	(4,)	2028.6751851850624	2028.6751851852528	0	0.13613128662109375	0.02151203155517578	0.12391114234924316	0.4645211696624756
10	10000	5	9	Borda	1	True	(4,)	45272.90039682551	45239.90039682552	11	0.1365053653717041	0.028795719146728516	0.4652132987976074	0.9438748359680176
10	10000	5	2	Plurality	1	True	(2,)	1035.6183333332801	1021.6183333333522	69	0.13611960411071777	0.022617816925048828	0.10186243057250977	0.43839192390441895
10	10000	5	2	2-approval	1	True	(2,)	2048.449259259137	2036.4492592593276	54	0.13619613647460938	0.021470308303833008	0.12224555015563965	0.46047210693359375
10	10000	5	2	Borda	1	True	(3,)	45400.24285714289	45359.24285714289	18	0.13621068000793457	0.028844594955444336	0.46707630157470703	0.9418823719024658
10	10000	5	4	Plurality	1	True	(7,)	1033.1716666666127	1027.1716666666855	33	0.13558053970336914	0.02282238006591797	0.10069847106933594	0.4376356601715088
10	10000	5	4	2-approval	1	True	(8,)	2063.01037037027	2058.0103703704344	27	0.13751888275146484	0.021970510482788086	0.12227106094360352	0.5204639434814453
10	10000	5	4	Borda	1	True	(7,)	45537.66865079381	45527.66865079382	7	0.13567638397216797	0.028628110885620117	0.457042932510376	0.9363226890563965
10	10000	5	6	Plurality	1	True	(6,)	1029.7399999999425	1026.7400000000166	8	0.1367652416229248	0.02284097671508789	0.10108637809753418	0.43879199028015137
10	10000	5	6	2-approval	1	True	(6,)	2044.3870370369168	2044.3870370371067	0	0.13624072074890137	0.02210831642150879	0.12450122833251953	0.46645617485046387
10	10000	5	6	Borda	1	True	(9,)	45250.3813492063	45237.3813492063	6	0.13639402389526367	0.029086589813232422	0.4645254611968994	0.9433341026306152
10	10000	5	8	Plurality	1	True	(0,)	1040.5949999999484	1031.5950000000157	28	0.13593673706054688	0.022821903228759766	0.10220932960510254	0.44345951080322266
10	10000	5	8	2-approval	1	True	(0,)	2070.554444444337	2058.554444444509	40	0.1380932331085205	0.021441221237182617	0.12386202812194824	0.4642906188964844
10	10000	5	8	Borda	1	True	(0,)	45507.388888888985	45373.388888888956	52	0.13711857795715332	0.028111696243286133	0.4584505558013916	0.9329733848571777
10	10000	5	1	Plurality	1	True	(7,)	1089.803333333284	1055.8033333333462	153	0.13588714599609375	0.022671222686767578	0.09999489784240723	0.4350931644439697
10	10000	5	1	2-approval	1	True	(7,)	2100.575925925814	2060.5759259259876	167	0.13602423667907715	0.021844863891601562	0.12380242347717285	0.4672212600708008
10	10000	5	1	Borda	1	True	(7,)	45799.176388889115	45405.176388889115	171	0.13677597045898438	0.02858257293701172	0.46013569831848145	0.9955909252166748
10	100000	5	7	Plurality	1	True	(7,)	10126.243333328006	10099.243333334713	94	1.366955280303955	0.23228216171264648	1.0147686004638672	4.43728494644165
10	100000	5	7	2-approval	1	True	(7,)	20164.781111117944	20137.781111115473	83	1.357748031616211	0.21651339530944824	1.2428584098815918	4.688662052154541
10	100000	5	7	Borda	1	True	(8,)	451042.6623015828	450942.66230158665	41	1.3648991584777832	0.28975725173950195	4.650071859359741	9.515563726425171
10	100000	5	0	Plurality	1	True	(7,)	10128.256666661531	10082.256666668063	210	1.359327793121338	0.22995710372924805	1.0261588096618652	4.4438865184783936
10	100000	5	0	2-approval	1	True	(7,)	20215.06333334007	20145.063333337854	290	1.3491549491882324	0.21915459632873535	1.2530910968780518	4.675610303878784
10	100000	5	0	Borda	1	True	(9,)	451922.0803571378	451136.08035714104	315	1.357970952987671	0.2829625606536865	4.58845591545105	9.337714195251465
10	100000	5	9	Plurality	1	True	(4,)	10135.541666661355	10106.541666668089	131	1.356743335723877	0.23009824752807617	1.0077006816864014	4.406530857086182
10	100000	5	9	2-approval	1	True	(4,)	20364.98185185847	20208.981851856635	493	1.3680195808410645	0.22292399406433105	1.2646489143371582	4.764219522476196
10	100000	5	9	Borda	1	True	(4,)	452680.75317459996	451269.75317460176	545	1.3624353408813477	0.2907531261444092	4.620875120162964	9.408159732818604
10	100000	5	2	Plurality	1	True	(7,)	10152.43333332776	10113.433333334708	156	1.3622310161590576	0.24034810066223145	1.0571351051330566	4.529374122619629
10	100000	5	2	2-approval	1	True	(7,)	20103.263333340103	20091.26333333792	51	1.357586145401001	0.21933364868164062	1.2538650035858154	4.717623710632324
10	100000	5	2	Borda	1	True	(2,)	451316.4601190477	450889.4601190483	161	1.3562538623809814	0.28813672065734863	4.658911228179932	9.456274509429932
10	100000	5	4	Plurality	1	True	(1,)	10117.888333328148	10086.888333334664	125	1.3686187267303467	0.23581647872924805	1.0215294361114502	4.451961517333984
10	100000	5	4	2-approval	1	True	(5,)	20099.158518525634	20097.158518523003	5	1.3550219535827637	0.22235703468322754	1.2597863674163818	4.70346736907959
10	100000	5	4	Borda	1	True	(8,)	451377.7952380957	451212.7952380972	62	1.3519766330718994	0.29125332832336426	4.6321494579315186	9.445856809616089
10	100000	5	6	Plurality	1	True	(3,)	10105.909999994545	10103.910000001415	14	1.3542592525482178	0.23710322380065918	1.0352771282196045	4.491039991378784
10	100000	5	6	2-approval	1	True	(2,)	20168.8533333401	20167.853333338015	5	1.3667960166931152	0.22323155403137207	1.2736375331878662	4.788485765457153
10	100000	5	6	Borda	1	True	(7,)	453085.2210317411	451468.22103174357	634	1.3634860515594482	0.2949507236480713	4.6062331199646	9.390570163726807
10	100000	5	8	Plurality	1	True	(2,)	10235.151666661299	10148.151666668142	338	1.3677308559417725	0.22458124160766602	1.0071954727172852	4.41263484954834
10	100000	5	8	2-approval	1	True	(2,)	20279.647777784467	20150.647777782324	456	1.376732587814331	0.22494864463806152	1.2546429634094238	5.120101451873779
10	100000	5	8	Borda	1	True	(2,)	451381.5783730081	450807.578373016	221	1.3803491592407227	0.2841484546661377	4.663143157958984	9.472448110580444
10	100000	5	1	Plurality	1	True	(2,)	10098.048333327739	10066.04833333468	133	1.3577663898468018	0.23736190795898438	1.0270540714263916	4.460960865020752
10	100000	5	1	2-approval	1	True	(2,)	20183.102592599396	20113.102592597246	234	1.3638091087341309	0.21882033348083496	1.2503490447998047	4.700977802276611
10	100000	5	1	Borda	1	True	(0,)	452198.7152777786	451778.715277779	172	1.3660101890563965	0.28655552864074707	4.590622186660767	9.384638786315918
10	100000	5	3	Plurality	1	True	(1,)	10247.658333328043	10156.658333334752	400	1.3682918548583984	0.23513054847717285	1.0218091011047363	4.454681396484375
10	100000	5	3	2-approval	1	True	(1,)	20362.51518519199	20242.515185189746	440	1.3719706535339355	0.2199397087097168	1.2525684833526611	4.717832803726196
10	100000	5	3	Borda	1	True	(1,)	451860.7359126986	451321.7359126953	203	1.3621721267700195	0.2929844856262207	4.604770183563232	9.738386154174805
10	100000	5	5	Plurality	1	True	(4,)	10119.653333327955	10086.653333334629	146	1.358581304550171	0.22663521766662598	1.0163273811340332	4.413926124572754
10	100000	5	5	2-approval	1	True	(0,)	20153.908148154744	20136.90814815257	52	1.3776447772979736	0.22417545318603516	1.269637107849121	5.097858667373657
10	100000	5	5	Borda	1	True	(1,)	452092.00615078915	451151.00615079416	371	1.354881763458252	0.283156156539917	4.59670615196228	9.36694598197937
10	1000000	5	1	Plurality	1	True	(0,)	100386.30166717958	100350.30166670628	146	13.652544021606445	2.316531181335449	10.167569160461426	44.54905414581299
10	1000000	5	1	2-approval	1	True	(0,)	200913.9170382212	200470.9170370186	1494	13.558633089065552	2.179551839828491	12.606245517730713	47.357046365737915
10	1000000	5	1	Borda	1	True	(0,)	4506922.8839283595	4503704.883928383	1267	13.628475666046143	2.872110605239868	46.491867780685425	98.07351660728455
10	1000000	5	3	Plurality	1	True	(3,)	100314.61833385154	100247.61833337284	245	13.664976596832275	2.2777905464172363	10.26054573059082	44.67968773841858
10	1000000	5	3	2-approval	1	True	(3,)	200500.64370489138	200423.6437036843	288	13.631324529647827	2.1908469200134277	12.561040878295898	47.563700675964355
10	1000000	5	3	Borda	1	True	(3,)	4503970.160912763	4503314.160912679	243	13.612755298614502	2.927530288696289	46.57407593727112	95.07453060150146
10	1000000	5	5	Plurality	1	True	(7,)	100564.90166718849	100504.90166670816	237	13.636145114898682	2.3382556438446045	10.282269716262817	45.15426063537598
10	1000000	5	5	2-approval	1	True	(3,)	200705.80814931716	200659.80814812155	164	13.51839303970337	2.215616226196289	12.583418846130371	47.23819661140442
10	1000000	5	5	Borda	1	True	(7,)	4505914.677579163	4504348.677579191	594	13.661650657653809	2.9798362255096436	46.804768800735474	96.2258152961731
10	1000000	5	7	Plurality	1	True	(6,)	100533.99666718296	100298.99666670643	957	13.558243751525879	2.3260722160339355	10.18372106552124	44.47429299354553
10	1000000	5	7	2-approval	1	True	(6,)	200670.12222339833	200459.12222221206	794	13.869027137756348	2.254611015319824	12.885072946548462	48.45211219787598
10	1000000	5	7	Borda	1	True	(6,)	4507179.676389102	4503836.676388811	1326	13.546898365020752	2.8836071491241455	46.410008907318115	94.45825290679932
10	1000000	5	0	Plurality	1	True	(2,)	100267.07333385681	100235.07333337268	135	13.562922954559326	2.302949905395508	10.114914178848267	44.454933643341064
10	1000000	5	0	2-approval	1	True	(0,)	200405.979630808	200336.97962960866	253	13.561686515808105	2.2236647605895996	12.74314832687378	47.99096751213074
10	1000000	5	0	Borda	1	True	(6,)	4506486.382341069	4502829.382341189	1455	13.665365219116211	2.8264412879943848	46.269344329833984	94.57352232933044
10	1000000	5	9	Plurality	1	True	(4,)	100396.98166718015	100368.98166670828	133	13.75864315032959	2.350086212158203	10.23773717880249	48.03343367576599
10	1000000	5	9	2-approval	1	True	(9,)	200774.35851970213	200568.35851849828	738	13.57263445854187	2.198700428009033	12.682267665863037	47.52900815010071
10	1000000	5	9	Borda	1	True	(9,)	4505570.109920768	4503814.109920708	707	13.758540153503418	2.9554848670959473	46.5062038898468	98.187664270401
10	1000000	5	2	Plurality	1	True	(2,)	100628.72500052422	100374.72500003931	932	13.527086019515991	2.275756597518921	10.122036695480347	44.42952227592468
10	1000000	5	2	2-approval	1	True	(2,)	201025.78407524523	200609.7840740517	1542	13.520700931549072	2.21989369392395	12.586961269378662	47.46887493133545
10	1000000	5	2	Borda	1	True	(4,)	4503745.926388843	4503662.926388903	45	13.603846311569214	2.8956732749938965	46.665289878845215	95.20654916763306
10	1000000	5	4	Plurality	1	True	(3,)	100549.84500051981	100383.84500003592	704	13.654003143310547	2.3292758464813232	10.320765495300293	44.973726749420166
10	1000000	5	4	2-approval	1	True	(9,)	200770.04592710454	200576.04592590584	636	13.53477430343628	2.2062864303588867	12.707911968231201	47.45399713516235
10	1000000	5	4	Borda	1	True	(9,)	4505814.571626634	4504326.571626891	580	13.664932012557983	2.924193859100342	46.464314699172974	94.79691696166992
10	1000000	5	6	Plurality	1	True	(6,)	100367.52833384577	100309.52833337453	230	13.573888063430786	2.2994277477264404	10.231940984725952	44.63286304473877
10	1000000	5	6	2-approval	1	True	(6,)	200863.46148266472	200611.46148147262	904	13.588407754898071	2.1959328651428223	12.667953491210938	47.536994218826294
10	1000000	5	6	Borda	1	True	(3,)	4503270.309920545	4502489.3099207	299	13.616061210632324	2.9164540767669678	46.711875915527344	95.05794763565063
10	1000000	5	8	Plurality	1	True	(2,)	101076.29166718865	100512.29166670679	2024	13.678078889846802	2.3464534282684326	10.234244346618652	47.92184066772461
10	1000000	5	8	2-approval	1	True	(2,)	200761.3614826685	200445.36148147218	1021	13.710074186325073	2.282874345779419	12.807228803634644	47.966007232666016
10	1000000	5	8	Borda	1	True	(0,)	4503335.580952308	4503090.580952308	93	13.729428768157959	2.901209592819214	45.975626707077026	97.42493200302124
80	100	5	0	Plurality	1	True	(39,)	1.783276515151522	1.7832765151515146	0	0.010452508926391602	0.0014662742614746094	0.1516866683959961	0.1774599552154541
80	100	5	0	2-approval	1	True	(39,)	3.566553030303019	3.5665530303030293	0	0.010297060012817383	0.0013909339904785156	0.11643195152282715	0.14169692993164062
80	100	5	0	Borda	1	True	(79,)	4313.294025608276	4313.294025608273	0	0.010737895965576172	0.0014567375183105469	0.5504922866821289	0.6196582317352295
80	100	5	3	Plurality	1	True	(74,)	1.9478477280910513	1.9478477280910518	0	0.010283708572387695	0.0014095306396484375	0.11929702758789062	0.14468860626220703
80	100	5	3	2-approval	1	True	(74,)	3.895695456182093	3.8956954561821036	0	0.010447978973388672	0.0013949871063232422	0.11550617218017578	0.14100003242492676
80	100	5	3	Borda	1	True	(18,)	4365.513362429724	4365.513362429727	0	0.010599613189697266	0.0014445781707763672	0.5212106704711914	0.5886456966400146
80	100	5	6	Plurality	1	True	(24,)	1.799540441265193	1.7995404412651843	0	0.010457038879394531	0.001428842544555664	0.12436652183532715	0.1501777172088623
80	100	5	6	2-approval	1	True	(24,)	3.5990808825303584	3.5990808825303686	0	0.01012110710144043	0.0013909339904785156	0.12280631065368652	0.1479194164276123
80	100	5	6	Borda	1	True	(30,)	4403.827203038643	4403.827203038651	0	0.010516881942749023	0.0014107227325439453	0.5226209163665771	0.5897643566131592
80	100	5	9	Plurality	1	True	(13,)	1.6951516045658792	1.695151604565884	0	0.010272026062011719	0.0014150142669677734	0.12408661842346191	0.14937353134155273
80	100	5	9	2-approval	1	True	(13,)	3.390303209131762	3.390303209131768	0	0.010451793670654297	0.0013799667358398438	0.12396001815795898	0.14962124824523926
80	100	5	9	Borda	1	True	(44,)	4353.139020269973	4353.139020269972	0	0.010679960250854492	0.0013859272003173828	0.5263333320617676	0.5941851139068604
80	100	5	5	Plurality	1	True	(32,)	2.0382556159118597	2.0382556159118654	0	0.010288000106811523	0.0013775825500488281	0.12778878211975098	0.15335845947265625
80	100	5	5	2-approval	1	True	(32,)	4.076511231823718	4.076511231823731	0	0.010221719741821289	0.0013318061828613281	0.12476348876953125	0.1500718593597412
80	100	5	5	Borda	1	True	(75,)	4501.996575468547	4484.996575468549	1	0.01044464111328125	0.0013549327850341797	0.5162069797515869	0.5823836326599121
80	100	5	2	Plurality	1	True	(76,)	1.9273691156624628	1.9273691156624586	0	0.010424137115478516	0.0013580322265625	0.12244009971618652	0.14797711372375488
80	100	5	2	2-approval	1	True	(76,)	3.8547382313249035	3.854738231324917	0	0.010359048843383789	0.0013446807861328125	0.12032890319824219	0.14556622505187988
80	100	5	2	Borda	1	True	(33,)	4406.156952079819	4356.15695207982	2	0.010445833206176758	0.0013687610626220703	0.5251891613006592	0.591881275177002
80	100	5	8	Plurality	1	True	(74,)	1.828715780747021	1.82871578074703	0	0.010393619537353516	0.0013644695281982422	0.12103557586669922	0.1464076042175293
80	100	5	8	2-approval	1	True	(74,)	3.6574315614940462	3.65743156149406	0	0.010410785675048828	0.001373291015625	0.11929941177368164	0.14519691467285156
80	100	5	8	Borda	1	True	(26,)	4485.659668897455	4438.659668897453	2	0.010629415512084961	0.0013303756713867188	0.4866187572479248	0.5514101982116699
80	100	5	1	Plurality	1	True	(24,)	1.7841217279452495	1.7841217279452575	0	0.010258913040161133	0.001371622085571289	0.1210792064666748	0.14690780639648438
80	100	5	1	2-approval	1	True	(24,)	3.5682434558905007	3.568243455890515	0	0.01031947135925293	0.0013670921325683594	0.1181325912475586	0.1436758041381836
80	100	5	1	Borda	1	True	(8,)	4405.875715348608	4405.875715348611	0	0.010281562805175781	0.0013766288757324219	0.5121719837188721	0.5787103176116943
80	100	5	7	Plurality	1	True	(45,)	1.9157945384401507	1.9157945384401458	0	0.010384559631347656	0.0013704299926757812	0.12712788581848145	0.15278840065002441
80	100	5	7	2-approval	1	True	(45,)	3.8315890768802854	3.8315890768802916	0	0.01031804084777832	0.001356363296508789	0.12326598167419434	0.1487870216369629
80	100	5	7	Borda	1	True	(60,)	4385.189977075219	4366.189977075218	1	0.010416030883789062	0.001378774642944336	0.5216319561004639	0.5888652801513672
80	100	5	4	Plurality	1	True	(71,)	1.7776819590475694	1.777681959047574	0	0.010270118713378906	0.0013751983642578125	0.12041687965393066	0.14612197875976562
80	100	5	4	2-approval	1	True	(71,)	3.5553639180951344	3.555363918095148	0	0.010341882705688477	0.0013580322265625	0.11767148971557617	0.1432492733001709
80	100	5	4	Borda	1	True	(71,)	4408.789885320709	4391.789885320705	1	0.010375499725341797	0.0013706684112548828	0.5215137004852295	0.5882811546325684
80	10000	5	0	Plurality	1	True	(10,)	131.39562706904815	131.39562706913787	3	1.04836106300354	0.13376736640930176	12.176437139511108	14.777914047241211
80	10000	5	0	2-approval	1	True	(10,)	263.5787541383623	262.57875413827577	8	1.058173418045044	0.1364426612854004	12.076045036315918	14.702694416046143
80	10000	5	0	Borda	1	True	(2,)	400911.641039568	399962.6410395671	27	1.070016622543335	0.18593716621398926	58.18890380859375	65.7364387512207
80	10000	5	6	Plurality	1	True	(11,)	133.58842543056502	131.58842543065037	3	1.041632890701294	0.13684868812561035	12.08088994026184	14.694543361663818
80	10000	5	6	2-approval	1	True	(11,)	266.0721633613877	263.07216336130074	7	1.051142692565918	0.13805866241455078	12.04427695274353	14.679840803146362
80	10000	5	6	Borda	1	True	(21,)	404970.29276247247	401149.2927624737	111	1.0477416515350342	0.18236851692199707	57.066906213760376	64.59876489639282
80	10000	5	3	Plurality	1	True	(72,)	136.2656876260188	133.26568762610415	4	1.0396661758422852	0.13837504386901855	12.257755756378174	14.863964319229126
80	10000	5	3	2-approval	1	True	(72,)	272.45637525229137	266.4563752522084	10	1.0503957271575928	0.13901686668395996	12.10705280303955	14.737383842468262
80	10000	5	3	Borda	1	True	(20,)	398889.2256202774	398889.2256202769	0	1.0475289821624756	0.18551874160766602	58.42986249923706	66.08432531356812
80	10000	5	9	Plurality	1	True	(25,)	130.4970989351014	130.4970989351929	0	1.0443971157073975	0.13691139221191406	12.02800965309143	14.64626693725586
80	10000	5	9	2-approval	1	True	(25,)	261.8895103704713	260.8895103703858	1	1.0442390441894531	0.13756108283996582	12.115653038024902	14.77764368057251
80	10000	5	9	Borda	1	True	(25,)	400052.1581472744	399565.15814727463	15	1.0464646816253662	0.1832408905029297	57.01381587982178	64.72761583328247
80	10000	5	2	Plurality	1	True	(14,)	130.98192152752011	130.98192152760984	1	1.0573744773864746	0.1373751163482666	12.058117389678955	14.713539123535156
80	10000	5	2	2-approval	1	True	(14,)	261.9638430552992	261.9638430552197	1	1.0422310829162598	0.1370842456817627	12.020498752593994	14.649968147277832
80	10000	5	2	Borda	1	True	(14,)	399589.88651258335	399512.8865125835	3	1.0498991012573242	0.1808617115020752	57.36933612823486	64.85845470428467
80	10000	5	5	Plurality	1	True	(52,)	133.98729054495345	131.98729054504412	5	1.0544536113739014	0.137406587600708	12.010108470916748	14.63556170463562
80	10000	5	5	2-approval	1	True	(52,)	266.7995810901755	263.7995810900882	8	1.0487897396087646	0.13997507095336914	12.02312445640564	14.670146703720093
80	10000	5	5	Borda	1	True	(52,)	399921.060784825	399505.06078482274	13	1.0624346733093262	0.1812601089477539	57.4860737323761	65.17893815040588
80	10000	5	8	Plurality	1	True	(63,)	133.66820727460637	131.66820727469008	6	1.0677196979522705	0.13641834259033203	11.966160535812378	14.615607976913452
80	10000	5	8	2-approval	1	True	(63,)	268.99622224177523	262.99622224168786	11	1.0492362976074219	0.1376349925994873	12.026450634002686	14.663612604141235
80	10000	5	8	Borda	1	True	(2,)	401139.880999538	399458.88099953736	44	1.043034315109253	0.17987322807312012	57.14875245094299	64.7994430065155
80	10000	5	4	Plurality	1	True	(68,)	131.9272013943798	130.92720139447468	2	1.05010986328125	0.1369187831878662	12.126567125320435	14.743706941604614
80	10000	5	4	2-approval	1	True	(68,)	264.7063258659541	261.70632586587243	8	1.040959358215332	0.13626646995544434	12.068092823028564	14.683312892913818
80	10000	5	4	Borda	1	True	(68,)	401516.8883301502	399931.8883301487	42	1.049558162689209	0.1811997890472412	57.28781056404114	64.82095623016357
80	10000	5	1	Plurality	1	True	(12,)	130.838547090544	130.83854709063235	0	1.0458905696868896	0.13707828521728516	12.00898289680481	14.629502296447754
80	10000	5	1	2-approval	1	True	(12,)	263.49459418134416	261.4945941812647	7	1.0524168014526367	0.13685059547424316	12.00431227684021	14.638772010803223
80	10000	5	1	Borda	1	True	(58,)	400154.1868938764	399490.18689387874	22	1.0520985126495361	0.17990446090698242	57.24424862861633	64.72627401351929
80	10000	5	7	Plurality	1	True	(2,)	129.97522439229016	129.97522439237756	0	1.0520305633544922	0.14084362983703613	12.188969612121582	14.81554913520813
80	10000	5	7	2-approval	1	True	(2,)	259.9504487848423	259.9504487847551	0	1.042342185974121	0.1377887725830078	12.083475828170776	14.722751140594482
80	10000	5	7	Borda	1	True	(6,)	400137.3594781589	399933.35947815934	8	1.0551540851593018	0.17946386337280273	57.108747482299805	64.78417181968689
80	100000	5	5	Plurality	1	True	(77,)	1267.8801843141862	1267.8801843067815	2	10.59137511253357	1.3722517490386963	122.23488473892212	148.45327067375183
80	100000	5	5	2-approval	1	True	(77,)	2535.760368622689	2535.760368613563	8	10.5309476852417	1.3780031204223633	123.10382747650146	149.54329013824463
80	100000	5	5	Borda	1	True	(41,)	3974822.3734700223	3967035.373470206	216	10.466331958770752	1.993595838546753	591.7716929912567	670.7758643627167
80	100000	5	2	Plurality	1	True	(56,)	1267.6732302512708	1267.673230244132	0	10.403741598129272	1.3732318878173828	122.0038275718689	148.2303330898285
80	100000	5	2	2-approval	1	True	(56,)	2538.100031925905	2535.100031916835	5	10.477102279663086	1.3931903839111328	121.93607592582703	148.41299152374268
80	100000	5	2	Borda	1	True	(71,)	3974118.3501684316	3968826.3501684116	162	10.60897183418274	1.9725792407989502	579.3157997131348	656.1654870510101
80	100000	5	8	Plurality	1	True	(77,)	1267.427682257526	1266.4276822504312	3	10.378837823867798	1.39272141456604	121.30436730384827	147.46119570732117
80	100000	5	8	2-approval	1	True	(77,)	2534.753802010225	2532.7538020008624	11	10.655028581619263	1.3856525421142578	120.80091071128845	147.18149948120117
80	100000	5	8	Borda	1	True	(42,)	3965525.1843101257	3964164.1843101024	50	10.546838998794556	1.9791364669799805	580.5464091300964	657.2221574783325
80	100000	5	1	Plurality	1	True	(33,)	1264.7666857510915	1264.7666857437891	0	10.605766296386719	1.3767752647399902	122.23457646369934	150.74244785308838
80	100000	5	1	2-approval	1	True	(33,)	2530.5083714966972	2529.508371487578	4	10.51829195022583	1.3741607666015625	122.7197654247284	149.35385394096375
80	100000	5	1	Borda	1	True	(33,)	3971098.7734654346	3968450.7734653447	79	10.582653045654297	1.9500246047973633	578.6064693927765	655.7629380226135
80	100000	5	7	Plurality	1	True	(20,)	1275.6022016175798	1270.602201610492	16	10.527065992355347	1.391218662261963	121.8709990978241	148.22699546813965
80	100000	5	7	2-approval	1	True	(20,)	2549.129403230397	2541.129403220984	27	10.507157802581787	1.3787868022918701	121.59590315818787	147.96158933639526
80	100000	5	7	Borda	1	True	(20,)	3974128.241290236	3966994.2412901805	204	10.512805223464966	1.9333205223083496	577.9097633361816	653.7979609966278
80	100000	5	4	Plurality	1	True	(39,)	1272.6691092267852	1269.6691092196977	8	10.405456066131592	1.3858368396759033	121.07589650154114	147.212162733078
80	100000	5	4	2-approval	1	True	(39,)	2543.2338066840935	2539.2338066746897	11	10.465726852416992	1.3695387840270996	121.04381203651428	147.2564673423767
80	100000	5	4	Borda	1	True	(10,)	3968240.0254951497	3967065.0254951203	34	10.625799655914307	1.9273545742034912	574.9184896945953	650.7366254329681
80	100000	5	0	Plurality	1	True	(42,)	1266.5655977527517	1265.5655977453523	7	10.381529569625854	1.3837766647338867	122.9639539718628	150.53795671463013
80	100000	5	0	2-approval	1	True	(42,)	2535.8808482775303	2530.880848268482	16	10.599573612213135	1.3867197036743164	124.57294702529907	151.25390887260437
80	100000	5	0	Borda	1	True	(59,)	3963461.5018668296	3963102.501866873	12	10.741251945495605	2.7357325553894043	600.2640063762665	680.8314867019653
80	100000	5	3	Plurality	1	True	(22,)	1266.6811410177895	1266.6811410105777	2	10.572315692901611	1.3784606456756592	123.79484152793884	150.29785108566284
80	100000	5	3	2-approval	1	True	(22,)	2533.3622820302876	2533.3622820211554	2	10.46940279006958	1.3814301490783691	124.05240941047668	150.33469462394714
80	100000	5	3	Borda	1	True	(35,)	3968863.0677231075	3966854.0677229725	65	10.659104585647583	2.388169050216675	599.2329723834991	677.9660181999207
80	100000	5	6	Plurality	1	True	(50,)	1273.8258364086782	1271.8258364016842	12	10.48874568939209	1.3761224746704102	122.90657997131348	149.15793418884277
80	100000	5	6	2-approval	1	True	(50,)	2561.6254606912785	2542.6254606821553	43	10.54489779472351	1.386340856552124	122.80643916130066	149.3243429660797
80	100000	5	6	Borda	1	True	(46,)	3965706.2212894573	3965255.2212894903	16	10.62666630744934	2.154919147491455	587.4727201461792	665.380526304245
80	100000	5	9	Plurality	1	True	(78,)	1266.8953586497623	1266.8953586424616	0	10.573941230773926	1.370999813079834	122.62288355827332	149.0255856513977
80	100000	5	9	2-approval	1	True	(78,)	2533.790717294302	2533.790717284923	0	10.440730810165405	1.3793890476226807	123.64175939559937	150.01509952545166
80	100000	5	9	Borda	1	True	(17,)	3967704.4253073586	3967580.425307317	5	10.728372573852539	2.290956974029541	593.4887185096741	671.8327295780182
