m	n	chain_size	batch	rule	threads	grouping	winners	score_upper	score_lower	num_pruned_voters	t_quick_bounds_sec	t_pruning_sec	t_solver_sec	t_total_sec
10	100	5	3	Plurality	1	True	(6,)	12.800000000000061	11.799999999999992	1	0.0004961490631103516	0.00027632713317871094	0.0010364055633544922	0.002907991409301758
10	100	5	3	2-approval	1	True	(6,)	24.288888888889	22.288888888888877	2	0.0004343986511230469	0.00027108192443847656	0.0013163089752197266	0.0031931400299072266
10	100	5	3	Borda	1	True	(6,)	464.6666666666665	464.66666666666674	0	0.0004410743713378906	0.00028014183044433594	0.0022079944610595703	0.004889965057373047
10	100	5	5	Plurality	1	True	(0,)	11.800000000000031	11.799999999999988	0	0.00045871734619140625	0.0003161430358886719	0.0010764598846435547	0.003031015396118164
10	100	5	5	2-approval	1	True	(0,)	22.711111111111244	22.71111111111109	0	0.00043272972106933594	0.0002703666687011719	0.0012218952178955078	0.0030837059020996094
10	100	5	5	Borda	1	True	(8,)	473.83333333333314	473.83333333333326	0	0.0004296302795410156	0.0002779960632324219	0.0021753311157226562	0.0048215389251708984
10	100	5	7	Plurality	1	True	(0,)	12.900000000000043	12.899999999999988	1	0.000431060791015625	0.0002598762512207031	0.0009009838104248047	0.0026443004608154297
10	100	5	7	2-approval	1	True	(0,)	24.24444444444456	24.244444444444422	1	0.0004303455352783203	0.0002651214599609375	0.0011851787567138672	0.003034830093383789
10	100	5	7	Borda	1	True	(6, 9)	477.50000000000017	477.50000000000017	0	0.0004303455352783203	0.00027298927307128906	0.002155303955078125	0.004698514938354492
10	100	5	0	Plurality	1	True	(9,)	17.700000000000053	13.699999999999994	5	0.00043582916259765625	0.0002589225769042969	0.0008664131164550781	0.002559185028076172
10	100	5	0	2-approval	1	True	(9,)	28.51111111111121	24.511111111111106	6	0.00043272972106933594	0.0002512931823730469	0.0011892318725585938	0.003006458282470703
10	100	5	0	Borda	1	True	(9,)	513.4999999999993	485.50000000000017	4	0.0004315376281738281	0.00025081634521484375	0.002058267593383789	0.00458216667175293
10	100	5	9	Plurality	1	True	(9,)	12.500000000000057	12.499999999999991	1	0.0004298686981201172	0.00025963783264160156	0.0008947849273681641	0.0026063919067382812
10	100	5	9	2-approval	1	True	(9,)	24.91111111111123	23.911111111111097	4	0.0004343986511230469	0.0002541542053222656	0.0011951923370361328	0.002992391586303711
10	100	5	9	Borda	1	True	(9,)	488.99999999999983	474.99999999999994	2	0.000438690185546875	0.00025582313537597656	0.0021228790283203125	0.0047147274017333984
10	100	5	2	Plurality	1	True	(7,)	12.50000000000006	12.49999999999999	1	0.0004291534423828125	0.0002505779266357422	0.000904083251953125	0.0026128292083740234
10	100	5	2	2-approval	1	True	(7,)	24.11111111111125	24.111111111111093	1	0.0004341602325439453	0.00026345252990722656	0.0012125968933105469	0.0030596256256103516
10	100	5	2	Borda	1	True	(7,)	500.99999999999983	491.00000000000017	2	0.00043201446533203125	0.00025653839111328125	0.0020804405212402344	0.004590034484863281
10	100	5	4	Plurality	1	True	(0,)	11.100000000000056	11.099999999999987	0	0.0004298686981201172	0.000255584716796875	0.0009038448333740234	0.0026235580444335938
10	100	5	4	2-approval	1	True	(0,)	22.200000000000127	22.199999999999974	0	0.00042891502380371094	0.00026035308837890625	0.0012221336364746094	0.003060579299926758
10	100	5	4	Borda	1	True	(0,)	483.83333333333303	474.8333333333333	1	0.00043082237243652344	0.0002646446228027344	0.002158641815185547	0.004783153533935547
10	100	5	6	Plurality	1	True	(4,)	14.800000000000058	13.799999999999994	1	0.00043272972106933594	0.0002498626708984375	0.0008676052093505859	0.0025298595428466797
10	100	5	6	2-approval	1	True	(4,)	27.733333333333448	24.733333333333327	4	0.0004303455352783203	0.0002486705780029297	0.0011687278747558594	0.0029561519622802734
10	100	5	6	Borda	1	True	(4,)	493.4999999999995	479.5000000000002	2	0.0004329681396484375	0.0002605915069580078	0.0021333694458007812	0.004727363586425781
10	100	5	8	Plurality	1	True	(3,)	11.500000000000055	11.499999999999993	0	0.0004360675811767578	0.0002562999725341797	0.0009198188781738281	0.0026483535766601562
10	100	5	8	2-approval	1	True	(3,)	21.444444444444546	21.444444444444432	0	0.00043392181396484375	0.0002601146697998047	0.001257181167602539	0.0031366348266601562
10	100	5	8	Borda	1	True	(7,)	467.9999999999999	463.0	1	0.00043129920959472656	0.0002646446228027344	0.0021970272064208984	0.004823446273803711
10	100	5	1	Plurality	1	True	(3,)	12.200000000000008	12.199999999999987	0	0.0004317760467529297	0.000255584716796875	0.0009148120880126953	0.0026178359985351562
10	100	5	1	2-approval	1	True	(9,)	24.48888888888897	23.488888888888866	2	0.00043201446533203125	0.00025653839111328125	0.0011889934539794922	0.00299835205078125
10	100	5	1	Borda	1	True	(9,)	505.5000000000001	482.5	3	0.0004363059997558594	0.0002601146697998047	0.0021097660064697266	0.00465846061706543
80	1000	10	2	Plurality	1	True	(31,)	13.487500000012961	13.487499999999809	0	0.03042006492614746	0.012654542922973633	0.2933986186981201	0.4314608573913574
80	1000	10	2	2-approval	1	True	(31,)	26.86107594935372	26.861075949366715	0	0.030469417572021484	0.01292562484741211	0.31908535957336426	0.46720266342163086
80	1000	10	2	Borda	1	True	(74,)	39919.72727272722	39919.72727272727	0	0.030532360076904297	0.012895822525024414	0.4974384307861328	1.0299906730651855
40	1000	5	5	Plurality	1	True	(5,)	25.999999999986194	25.999999999999652	0	0.015439033508300781	0.0069828033447265625	0.09255266189575195	0.1635117530822754
40	1000	5	5	2-approval	1	True	(5,)	51.76923076921561	51.76923076923007	0	0.015427827835083008	0.0070362091064453125	0.10239815711975098	0.17688584327697754
40	1000	5	5	Borda	1	True	(21,)	19670.833333333325	19670.83333333333	0	0.015602588653564453	0.007040739059448242	0.13620543479919434	0.30257272720336914
20	1000	5	5	Plurality	1	True	(7,)	52.04999999999113	52.04999999999933	0	0.007972955703735352	0.004039764404296875	0.02924370765686035	0.06453251838684082
20	1000	5	5	2-approval	1	True	(7,)	104.10526315790725	103.10526315789342	1	0.00794672966003418	0.004033327102661133	0.034920692443847656	0.07189130783081055
20	1000	5	5	Borda	1	True	(11,)	9615.5	9615.5	0	0.007988452911376953	0.004115104675292969	0.052962303161621094	0.11439943313598633
80	1000	20	6	Plurality	1	True	(74,)	14.787500000007306	14.787499999999786	0	0.03174901008605957	0.012622833251953125	0.25414395332336426	0.3866536617279053
80	1000	20	6	2-approval	1	True	(74,)	29.093987341761363	29.093987341771744	1	0.031531333923339844	0.012707233428955078	0.276111364364624	0.4120047092437744
80	1000	20	6	Borda	1	True	(67,)	40636.57142857149	40418.57142857144	3	0.03161168098449707	0.01290440559387207	0.6678838729858398	1.2039198875427246
10	1000	5	2	Plurality	1	True	(9,)	108.50000000000685	106.49999999999932	2	0.00426483154296875	0.002365589141845703	0.009023666381835938	0.025768280029296875
10	1000	5	2	2-approval	1	True	(5,)	210.53333333334012	210.53333333333183	2	0.0042743682861328125	0.0025718212127685547	0.012127399444580078	0.03052067756652832
10	1000	5	2	Borda	1	True	(9,)	4578.833333333343	4578.833333333334	0	0.004278421401977539	0.002428770065307617	0.021964311599731445	0.04799652099609375
80	1000	10	4	Plurality	1	True	(63,)	13.750000000013504	13.749999999999797	0	0.03043055534362793	0.012624979019165039	0.2947807312011719	0.43436408042907715
80	1000	10	4	2-approval	1	True	(63,)	27.37183544302441	27.37183544303758	0	0.030505895614624023	0.012682914733886719	0.31691956520080566	0.4598207473754883
80	1000	10	4	Borda	1	True	(4,)	40202.22727272722	40123.22727272726	1	0.030953407287597656	0.012891769409179688	0.4948418140411377	1.0194244384765625
40	1000	5	7	Plurality	1	True	(33,)	26.37499999998674	26.374999999999623	0	0.01555776596069336	0.006957292556762695	0.09215545654296875	0.163923978805542
40	1000	5	7	2-approval	1	True	(33,)	52.51923076921608	52.519230769230006	0	0.015484809875488281	0.006949186325073242	0.10175061225891113	0.1751406192779541
40	1000	5	7	Borda	1	True	(3,)	19786.99999999997	19787.000000000007	0	0.015452146530151367	0.007046699523925781	0.13705706596374512	0.3036684989929199
80	1000	20	8	Plurality	1	True	(25,)	15.012500000007272	15.012499999999822	0	0.03152656555175781	0.012591123580932617	0.25463390350341797	0.3863532543182373
80	1000	20	8	2-approval	1	True	(25,)	29.303481012647495	29.303481012657883	0	0.03145861625671387	0.012693405151367188	0.2728586196899414	0.4068470001220703
80	1000	20	8	Borda	1	True	(65,)	40420.785714285805	40360.785714285725	1	0.03171825408935547	0.01303243637084961	0.6638283729553223	1.2007033824920654
10	1000	5	4	Plurality	1	True	(8,)	110.10000000000719	108.09999999999934	2	0.004242658615112305	0.0023603439331054688	0.008869647979736328	0.025439977645874023
10	1000	5	4	2-approval	1	True	(8,)	215.31111111111647	213.31111111110965	4	0.004258632659912109	0.002393007278442383	0.011983394622802734	0.03008556365966797
10	1000	5	4	Borda	1	True	(8,)	4662.166666666673	4606.166666666667	8	0.0042684078216552734	0.002456188201904297	0.021619796752929688	0.0476841926574707
80	1000	10	6	Plurality	1	True	(55,)	15.387500000013002	14.3874999999998	1	0.030800342559814453	0.01260519027709961	0.2965407371520996	0.43813014030456543
80	1000	10	6	2-approval	1	True	(55,)	30.493670886062915	28.493670886075563	2	0.030859708786010742	0.012721776962280273	0.31963062286376953	0.46503734588623047
80	1000	10	6	Borda	1	True	(15,)	40168.09090909088	40010.0909090909	2	0.031035423278808594	0.012836933135986328	0.49406862258911133	1.0224378108978271
40	1000	5	0	Plurality	1	True	(8,)	27.849999999986096	26.849999999999604	1	0.015356302261352539	0.006859302520751953	0.09133195877075195	0.16143202781677246
40	1000	5	0	2-approval	1	True	(8,)	55.4448717948559	53.44487179487101	2	0.015440702438354492	0.006913661956787109	0.10148382186889648	0.17503619194030762
40	1000	5	0	Borda	1	True	(8,)	19872.833333333343	19755.833333333325	3	0.015472173690795898	0.006974220275878906	0.13409423828125	0.2980470657348633
40	1000	5	9	Plurality	1	True	(8,)	25.8499999999865	25.849999999999678	0	0.015433311462402344	0.006922245025634766	0.09199833869934082	0.16227245330810547
40	1000	5	9	2-approval	1	True	(8,)	51.5076923076777	51.50769230769167	0	0.01541590690612793	0.0069446563720703125	0.10311675071716309	0.17725110054016113
40	1000	5	9	Borda	1	True	(20,)	19732.333333333314	19732.33333333334	0	0.015509843826293945	0.007086992263793945	0.13503360748291016	0.30050015449523926
20	1000	5	0	Plurality	1	True	(18,)	51.79999999999135	51.79999999999939	0	0.007917642593383789	0.003942966461181641	0.029346227645874023	0.06469082832336426
20	1000	5	0	2-approval	1	True	(18,)	102.96842105264379	102.96842105263036	0	0.007967233657836914	0.0039577484130859375	0.035027503967285156	0.07211899757385254
20	1000	5	0	Borda	1	True	(12,)	9622.5	9622.5	0	0.007920980453491211	0.0040683746337890625	0.05248570442199707	0.11303591728210449
80	1000	20	1	Plurality	1	True	(13,)	14.262500000007982	14.262499999999823	0	0.03149151802062988	0.012644052505493164	0.2559242248535156	0.3888421058654785
80	1000	20	1	2-approval	1	True	(37,)	28.069620253153655	28.069620253164253	0	0.03171086311340332	0.012749910354614258	0.2759230136871338	0.4131484031677246
80	1000	20	1	Borda	1	True	(73,)	40221.285714285645	40221.2857142857	0	0.03194737434387207	0.012958526611328125	0.6686077117919922	1.2041897773742676
10	1000	5	6	Plurality	1	True	(4,)	108.90000000000755	106.89999999999911	2	0.004311084747314453	0.0023813247680664062	0.008955717086791992	0.025908946990966797
10	1000	5	6	2-approval	1	True	(4,)	214.0222222222301	212.02222222222065	2	0.004314422607421875	0.002501249313354492	0.012170553207397461	0.03058481216430664
10	1000	5	6	Borda	1	True	(4,)	4591.500000000003	4573.5	2	0.0043277740478515625	0.002477884292602539	0.021724939346313477	0.04821610450744629
80	1000	10	8	Plurality	1	True	(60, 63)	13.375000000013788	13.375000000013788	0	0.03043365478515625	0.012584924697875977	0.2913975715637207	0.4272327423095703
80	1000	10	8	2-approval	1	True	(60,)	26.678797468340562	26.678797468354055	0	0.03068399429321289	0.0128021240234375	0.32082152366638184	0.466702938079834
80	1000	10	8	Borda	1	True	(60,)	40190.18181818177	40032.18181818181	2	0.031000614166259766	0.012967586517333984	0.49075984954833984	1.017258644104004
40	1000	5	2	Plurality	1	True	(34,)	25.924999999986063	25.924999999999667	0	0.015439271926879883	0.0068874359130859375	0.09084630012512207	0.16119909286499023
40	1000	5	2	2-approval	1	True	(34,)	51.76025641024161	51.760256410255764	0	0.015372276306152344	0.006920814514160156	0.10219812393188477	0.1758737564086914
40	1000	5	2	Borda	1	True	(34,)	19731.33333333334	19692.33333333334	1	0.015617132186889648	0.0070362091064453125	0.13614773750305176	0.30426716804504395
80	1000	5	5	Plurality	1	True	(77,)	13.000000000016271	12.999999999999824	0	0.030211687088012695	0.012651443481445312	0.3137013912200928	0.4582486152648926
80	1000	5	5	2-approval	1	True	(77,)	25.96202531644056	25.96202531645534	0	0.030359268188476562	0.012732744216918945	0.33692383766174316	0.48485636711120605
80	1000	5	5	Borda	1	True	(39,)	39797.0	39797.0	0	0.02986431121826172	0.01285696029663086	0.4036703109741211	0.9334540367126465
80	1000	10	1	Plurality	1	True	(74,)	13.712500000012742	13.712499999999793	0	0.03041982650756836	0.012653112411499023	0.2941608428955078	0.4347236156463623
80	1000	10	1	2-approval	1	True	(6,)	27.250316455683006	27.250316455695806	0	0.030462026596069336	0.012669801712036133	0.3132786750793457	0.45667409896850586
80	1000	10	1	Borda	1	True	(28,)	40022.81818181808	40022.818181818184	0	0.030686140060424805	0.012857198715209961	0.4941825866699219	1.0205821990966797
40	1000	5	4	Plurality	1	True	(32,)	26.049999999986632	26.049999999999617	0	0.015426158905029297	0.006888389587402344	0.09221649169921875	0.1647045612335205
40	1000	5	4	2-approval	1	True	(32,)	51.946153846139325	51.946153846153095	0	0.015540361404418945	0.007005453109741211	0.10234594345092773	0.176835298538208
40	1000	5	4	Borda	1	True	(25,)	19698.166666666657	19698.166666666657	0	0.015656709671020508	0.0070400238037109375	0.13438010215759277	0.29952144622802734
20	1000	5	7	Plurality	1	True	(11,)	52.099999999991894	52.099999999999476	0	0.008021116256713867	0.003927469253540039	0.02893209457397461	0.06400585174560547
20	1000	5	7	2-approval	1	True	(11,)	105.78421052632763	103.78421052631475	2	0.007960319519042969	0.004002094268798828	0.035100698471069336	0.07196187973022461
20	1000	5	7	Borda	1	True	(11,)	9709.5	9656.5	3	0.008074522018432617	0.004123687744140625	0.052063941955566406	0.11256051063537598
80	1000	5	7	Plurality	1	True	(76,)	13.087500000016377	13.087499999999793	0	0.030450820922851562	0.012784242630004883	0.31916236877441406	0.4658041000366211
80	1000	5	7	2-approval	1	True	(76,)	26.133860759478573	26.133860759493263	0	0.030202865600585938	0.012852907180786133	0.33491086959838867	0.48264122009277344
80	1000	5	7	Borda	1	True	(76,)	39917.5	39838.5	1	0.02983689308166504	0.012896299362182617	0.4099292755126953	0.9365143775939941
80	1000	10	3	Plurality	1	True	(48,)	13.487500000013448	13.487499999999825	0	0.03086709976196289	0.012587785720825195	0.2932257652282715	0.43186378479003906
80	1000	10	3	2-approval	1	True	(48,)	26.918037974669815	26.9180379746832	0	0.030812740325927734	0.012845039367675781	0.3189513683319092	0.46347546577453613
80	1000	10	3	Borda	1	True	(48,)	40105.500000000015	39947.49999999998	2	0.030809402465820312	0.012912511825561523	0.49477338790893555	1.0391693115234375
40	1000	5	6	Plurality	1	True	(15,)	26.34999999998643	26.34999999999965	0	0.015709400177001953	0.006818532943725586	0.09137535095214844	0.16219758987426758
40	1000	5	6	2-approval	1	True	(15,)	52.46923076921583	52.46923076923009	0	0.015576362609863281	0.006933450698852539	0.1022498607635498	0.17624974250793457
40	1000	5	6	Borda	1	True	(2,)	19832.833333333318	19754.833333333314	2	0.015655040740966797	0.007023334503173828	0.13665032386779785	0.3042638301849365
20	1000	5	9	Plurality	1	True	(8,)	52.04999999999056	52.049999999999415	0	0.007965564727783203	0.0038771629333496094	0.028783559799194336	0.0632631778717041
20	1000	5	9	2-approval	1	True	(8,)	103.10000000001281	103.09999999999886	0	0.00794219970703125	0.004006862640380859	0.03511309623718262	0.07204127311706543
20	1000	5	9	Borda	1	True	(10,)	9594.5	9594.5	0	0.007962226867675781	0.004099845886230469	0.05249667167663574	0.11317753791809082
80	1000	5	0	Plurality	1	True	(41,)	13.025000000015595	13.024999999999798	0	0.030150413513183594	0.012575864791870117	0.31607556343078613	0.4617769718170166
80	1000	5	0	2-approval	1	True	(41,)	26.02151898732695	26.02151898734137	0	0.0298159122467041	0.012767314910888672	0.3360404968261719	0.4839191436767578
80	1000	5	0	Borda	1	True	(18,)	39810.5	39810.5	0	0.030220746994018555	0.012874126434326172	0.4060351848602295	0.9398002624511719
80	1000	5	9	Plurality	1	True	(44,)	12.9625000000167	12.962499999999817	0	0.029974937438964844	0.012806177139282227	0.31279683113098145	0.4577205181121826
80	1000	5	9	2-approval	1	True	(44,)	25.896518987326374	25.896518987341402	0	0.030000686645507812	0.012659311294555664	0.3382883071899414	0.4883415699005127
80	1000	5	9	Borda	1	True	(35,)	39864.5	39864.5	0	0.030379056930541992	0.012809514999389648	0.40497589111328125	0.9369103908538818
20	1000	5	2	Plurality	1	True	(0, 2)	52.09999999999117	52.09999999999117	0	0.007910966873168945	0.003873109817504883	0.02858734130859375	0.06202960014343262
20	1000	5	2	2-approval	1	True	(2,)	104.35789473685435	104.35789473684086	0	0.00790715217590332	0.003932476043701172	0.03439760208129883	0.07053351402282715
20	1000	5	2	Borda	1	True	(2,)	9747.5	9664.5	5	0.007935285568237305	0.003974437713623047	0.051674604415893555	0.1113123893737793
80	1000	20	3	Plurality	1	True	(1,)	14.700000000006991	14.699999999999791	0	0.03155255317687988	0.012631416320800781	0.25673413276672363	0.38843703269958496
80	1000	20	3	2-approval	1	True	(1,)	28.918987341761525	28.918987341771768	0	0.031702518463134766	0.012664556503295898	0.2736961841583252	0.4089813232421875
80	1000	20	3	Borda	1	True	(61,)	40499.49999999998	40300.50000000001	3	0.031517982482910156	0.012923479080200195	0.6692070960998535	1.20334792137146
80	1000	5	2	Plurality	1	True	(75,)	12.975000000015843	12.974999999999813	0	0.03027200698852539	0.012573480606079102	0.3190419673919678	0.4645967483520508
80	1000	5	2	2-approval	1	True	(75,)	25.918354430364843	25.918354430379377	0	0.030275583267211914	0.012753486633300781	0.33656883239746094	0.4864950180053711
80	1000	5	2	Borda	1	True	(48,)	39824.0	39824.0	0	0.030349254608154297	0.012886524200439453	0.4020094871520996	0.9315001964569092
10	1000	5	8	Plurality	1	True	(4,)	110.60000000000724	108.59999999999918	2	0.004336118698120117	0.0024640560150146484	0.009074926376342773	0.02626824378967285
10	1000	5	8	2-approval	1	True	(4,)	214.53333333333853	212.5333333333316	2	0.0043239593505859375	0.0024614334106445312	0.012072563171386719	0.03042292594909668
10	1000	5	8	Borda	1	True	(6,)	4638.333333333345	4610.333333333332	4	0.004297018051147461	0.0026226043701171875	0.02213263511657715	0.048506975173950195
40	1000	5	1	Plurality	1	True	(32,)	26.799999999986646	26.799999999999653	0	0.015403985977172852	0.006907224655151367	0.09113788604736328	0.1615300178527832
40	1000	5	1	2-approval	1	True	(32,)	54.293589743575026	53.293589743589074	1	0.015432357788085938	0.007025957107543945	0.10305047035217285	0.17690610885620117
40	1000	5	1	Borda	1	True	(29,)	19772.333333333347	19733.33333333332	1	0.015441417694091797	0.00704646110534668	0.13454294204711914	0.29999566078186035
20	1000	5	4	Plurality	1	True	(14, 16)	53.24999999999038	53.24999999999038	0	0.008025169372558594	0.003957271575927734	0.029070138931274414	0.06330704689025879
20	1000	5	4	2-approval	1	True	(16,)	105.39473684211865	105.39473684210417	0	0.007961511611938477	0.003999948501586914	0.034410953521728516	0.07077670097351074
20	1000	5	4	Borda	1	True	(8,)	9673.0	9635.0	2	0.008012533187866211	0.004178047180175781	0.052603721618652344	0.1127767562866211
80	1000	20	5	Plurality	1	True	(62,)	14.46250000000715	14.462499999999824	0	0.031737565994262695	0.01265096664428711	0.2571380138397217	0.39123034477233887
80	1000	20	5	2-approval	1	True	(53,)	28.333860759483052	28.333860759493298	0	0.03146195411682129	0.012678146362304688	0.2734036445617676	0.4082612991333008
80	1000	20	5	Borda	1	True	(62,)	40359.71428571414	40220.7142857143	2	0.03159379959106445	0.012978792190551758	0.6679244041442871	1.2033460140228271
10	1000	5	1	Plurality	1	True	(6,)	114.70000000000773	110.69999999999926	4	0.004427194595336914	0.002367734909057617	0.008884906768798828	0.026084184646606445
10	1000	5	1	2-approval	1	True	(6,)	219.62222222222908	215.6222222222207	4	0.004397153854370117	0.0024666786193847656	0.012117624282836914	0.030741214752197266
10	1000	5	1	Borda	1	True	(7,)	4604.500000000006	4604.5	0	0.004682064056396484	0.002591371536254883	0.022212505340576172	0.04923439025878906
80	1000	5	4	Plurality	1	True	(77,)	13.06250000001549	13.062499999999803	0	0.030546188354492188	0.012664079666137695	0.31590938568115234	0.4601864814758301
80	1000	5	4	2-approval	1	True	(77,)	26.087025316440965	26.087025316455303	0	0.030093908309936523	0.012686491012573242	0.3347785472869873	0.4812955856323242
80	1000	5	4	Borda	1	True	(35,)	39929.0	39854.0	1	0.03015279769897461	0.01287221908569336	0.4069211483001709	0.9330341815948486
20	1000	5	6	Plurality	1	True	(19,)	52.8999999999901	52.8999999999994	0	0.007951021194458008	0.0038738250732421875	0.028743267059326172	0.0635373592376709
20	1000	5	6	2-approval	1	True	(19,)	104.58947368422358	104.58947368420932	0	0.007949352264404297	0.003936290740966797	0.03432273864746094	0.07077670097351074
20	1000	5	6	Borda	1	True	(8,)	9666.0	9628.0	2	0.0079498291015625	0.004056453704833984	0.05192852020263672	0.11186742782592773
80	1000	20	7	Plurality	1	True	(2,)	16.562500000008498	15.562499999999805	1	0.03165841102600098	0.012583255767822266	0.2543647289276123	0.38663506507873535
80	1000	20	7	2-approval	1	True	(2,)	32.49873417720375	30.498734177214814	2	0.03221416473388672	0.012661218643188477	0.2738792896270752	0.41093993186950684
80	1000	20	7	Borda	1	True	(47,)	40677.285714285616	40440.285714285696	3	0.03182864189147949	0.012917041778564453	0.6615917682647705	1.1896052360534668
10	1000	5	3	Plurality	1	True	(0,)	109.20000000000724	109.19999999999922	4	0.004342079162597656	0.0023756027221679688	0.008938789367675781	0.025776386260986328
10	1000	5	3	2-approval	1	True	(0,)	222.26666666667296	216.26666666666506	10	0.004405975341796875	0.0023729801177978516	0.01210331916809082	0.030703306198120117
10	1000	5	3	Borda	1	True	(0,)	4631.166666666665	4621.166666666667	2	0.004399776458740234	0.0024979114532470703	0.021460771560668945	0.04774665832519531
80	1000	5	6	Plurality	1	True	(23,)	12.96250000001568	12.962499999999814	0	0.030486106872558594	0.012591123580932617	0.31351685523986816	0.45840001106262207
80	1000	5	6	2-approval	1	True	(23,)	25.8870253164408	25.887025316455325	0	0.029893159866333008	0.012781381607055664	0.3351101875305176	0.48284387588500977
80	1000	5	6	Borda	1	True	(14,)	39902.0	39827.0	1	0.0305328369140625	0.012924671173095703	0.4060976505279541	0.9350755214691162
80	1000	10	5	Plurality	1	True	(53, 74)	13.36250000001343	13.36250000001343	0	0.030489444732666016	0.012622356414794922	0.2957038879394531	0.4342532157897949
80	1000	10	5	2-approval	1	True	(53,)	26.625316455682693	26.625316455695852	0	0.030887603759765625	0.01276397705078125	0.31710147857666016	0.46089982986450195
80	1000	10	5	Borda	1	True	(28,)	39849.77272727267	39849.77272727272	0	0.03053593635559082	0.012991905212402344	0.4959254264831543	1.0289101600646973
40	1000	5	8	Plurality	1	True	(21,)	26.749999999986898	26.74999999999963	0	0.015554666519165039	0.006941556930541992	0.09141945838928223	0.16342759132385254
40	1000	5	8	2-approval	1	True	(21,)	54.28333333331874	53.283333333332585	1	0.0157470703125	0.007013559341430664	0.10287022590637207	0.17754483222961426
40	1000	5	8	Borda	1	True	(21,)	19806.500000000015	19767.500000000007	1	0.015504837036132812	0.007062196731567383	0.13602185249328613	0.30324316024780273
80	1000	20	0	Plurality	1	True	(42,)	14.02500000000709	14.024999999999824	0	0.031991004943847656	0.012605667114257812	0.2558317184448242	0.38977527618408203
80	1000	20	0	2-approval	1	True	(40,)	27.899999999989006	27.899999999999654	0	0.03186297416687012	0.012683629989624023	0.2796616554260254	0.4174783229827881
80	1000	20	0	Borda	1	True	(78,)	40319.64285714287	40319.64285714287	0	0.03188157081604004	0.013060331344604492	0.6658740043640137	1.202554702758789
20	1000	5	8	Plurality	1	True	(13,)	54.39999999998987	53.3999999999993	1	0.007975339889526367	0.003975868225097656	0.029696941375732422	0.06469297409057617
20	1000	5	8	2-approval	1	True	(13,)	108.17368421053928	106.17368421052497	2	0.007969379425048828	0.003962516784667969	0.0343320369720459	0.07091903686523438
20	1000	5	8	Borda	1	True	(13,)	9721.0	9664.0	3	0.007976531982421875	0.004096031188964844	0.05175185203552246	0.11140823364257812
80	1000	20	9	Plurality	1	True	(16,)	16.587500000006816	15.587499999999824	1	0.03159618377685547	0.012655019760131836	0.25649261474609375	0.39110445976257324
80	1000	20	9	2-approval	1	True	(16,)	31.33322784809073	30.333227848100922	1	0.03179764747619629	0.012637138366699219	0.27321553230285645	0.4077310562133789
80	1000	20	9	Borda	1	True	(26,)	40427.64285714279	40427.64285714286	0	0.03186440467834473	0.012962102890014648	0.6658670902252197	1.1982440948486328
10	1000	5	5	Plurality	1	True	(1,)	110.10000000000728	110.09999999999914	4	0.0043714046478271484	0.0023899078369140625	0.008993387222290039	0.025977373123168945
10	1000	5	5	2-approval	1	True	(1,)	215.57777777778307	213.57777777777602	6	0.004301309585571289	0.0024728775024414062	0.012288093566894531	0.030709266662597656
10	1000	5	5	Borda	1	True	(5,)	4571.499999999998	4571.499999999996	0	0.004339456558227539	0.002508401870727539	0.02202773094177246	0.0480802059173584
80	1000	5	8	Plurality	1	True	(36,)	13.337500000016568	13.3374999999998	0	0.030023813247680664	0.012628793716430664	0.3188347816467285	0.46324872970581055
80	1000	5	8	2-approval	1	True	(36,)	26.61803797466832	26.61803797468314	0	0.030100584030151367	0.012793302536010742	0.34145593643188477	0.49016404151916504
80	1000	5	8	Borda	1	True	(36,)	39944.5	39865.5	1	0.029912948608398438	0.012888908386230469	0.40334129333496094	0.9320614337921143
80	1000	10	7	Plurality	1	True	(24,)	13.56250000001322	13.562499999999822	0	0.030633926391601562	0.012670755386352539	0.2957754135131836	0.434863805770874
80	1000	10	7	2-approval	1	True	(24,)	26.9825949366953	26.982594936708516	0	0.0310823917388916	0.012692928314208984	0.3165571689605713	0.4622220993041992
80	1000	10	7	Borda	1	True	(68,)	39963.90909090908	39963.90909090911	0	0.03130626678466797	0.012953758239746094	0.4940009117126465	1.0271024703979492
20	1000	5	1	Plurality	1	True	(6,)	52.749999999990024	52.74999999999943	0	0.00792074203491211	0.0038673877716064453	0.02884650230407715	0.06339073181152344
20	1000	5	1	2-approval	1	True	(6,)	104.81578947369707	104.81578947368308	0	0.008057832717895508	0.0040149688720703125	0.03534412384033203	0.07244515419006348
20	1000	5	1	Borda	1	True	(6, 7)	9650.5	9650.5	0	0.007964849472045898	0.004100322723388672	0.05191397666931152	0.11078286170959473
80	1000	20	2	Plurality	1	True	(76,)	14.362500000007465	14.36249999999982	0	0.03151369094848633	0.012703895568847656	0.25556397438049316	0.3883016109466553
80	1000	20	2	2-approval	1	True	(76,)	28.243987341761247	28.243987341771803	0	0.03142833709716797	0.012723445892333984	0.27376651763916016	0.40782618522644043
80	1000	20	2	Borda	1	True	(79,)	40894.071428571355	40537.07142857145	5	0.03157949447631836	0.012842416763305664	0.6651265621185303	1.1960058212280273
80	1000	5	1	Plurality	1	True	(41,)	12.962500000016124	12.962499999999821	0	0.02989053726196289	0.012687206268310547	0.3152885437011719	0.4582250118255615
80	1000	5	1	2-approval	1	True	(41,)	25.880696202516617	25.880696202531286	0	0.030149221420288086	0.012740135192871094	0.3407430648803711	0.4899275302886963
80	1000	5	1	Borda	1	True	(51, 75)	39824.0	39824.0	0	0.030551910400390625	0.012957572937011719	0.4056415557861328	0.9404733180999756
10	1000	5	7	Plurality	1	True	(9,)	109.70000000000728	106.6999999999992	3	0.004281282424926758	0.002425670623779297	0.009125232696533203	0.026314735412597656
10	1000	5	7	2-approval	1	True	(2,)	210.31111111111656	210.3111111111098	0	0.004300594329833984	0.0024433135986328125	0.012135028839111328	0.030501842498779297
10	1000	5	7	Borda	1	True	(9,)	4604.500000000002	4604.499999999998	0	0.004293203353881836	0.0025129318237304688	0.021889448165893555	0.048207759857177734
80	1000	10	0	Plurality	1	True	(36,)	13.512500000014047	13.512499999999807	0	0.03055739402770996	0.012596845626831055	0.2956538200378418	0.4377875328063965
80	1000	10	0	2-approval	1	True	(36,)	26.896835443024152	26.8968354430376	0	0.030684709548950195	0.012731790542602539	0.3162961006164551	0.4592320919036865
80	1000	10	0	Borda	1	True	(77,)	40143.31818181814	40064.31818181818	1	0.030582904815673828	0.01302027702331543	0.49254417419433594	1.0208566188812256
80	1000	10	9	Plurality	1	True	(76,)	13.625000000012935	13.624999999999815	0	0.030791759490966797	0.012714147567749023	0.296372652053833	0.4392275810241699
80	1000	10	9	2-approval	1	True	(76,)	27.050632911379004	27.05063291139205	0	0.03105926513671875	0.012690067291259766	0.3171553611755371	0.46221327781677246
80	1000	10	9	Borda	1	True	(14,)	40376.954545454464	40148.954545454544	3	0.03096461296081543	0.012918710708618164	0.4952051639556885	1.0236737728118896
40	1000	5	3	Plurality	1	True	(34,)	26.54999999998642	26.549999999999667	0	0.015478372573852539	0.006881237030029297	0.09112381935119629	0.1613609790802002
40	1000	5	3	2-approval	1	True	(34,)	52.88205128203617	52.88205128205063	0	0.015355348587036133	0.0069959163665771484	0.10319948196411133	0.1769695281982422
40	1000	5	3	Borda	1	True	(23,)	19732.33333333331	19732.333333333332	0	0.015478849411010742	0.007011890411376953	0.13532185554504395	0.30009913444519043
20	1000	5	3	Plurality	1	True	(17,)	53.39999999999017	53.39999999999931	0	0.007975101470947266	0.00391840934753418	0.028908729553222656	0.06394577026367188
20	1000	5	3	2-approval	1	True	(17,)	107.86315789474946	105.8631578947355	2	0.007965087890625	0.003998756408691406	0.03415250778198242	0.07047772407531738
20	1000	5	3	Borda	1	True	(7,)	9712.5	9693.5	1	0.00803685188293457	0.004075050354003906	0.05253171920776367	0.11312675476074219
80	1000	20	4	Plurality	1	True	(52,)	14.725000000008077	14.72499999999984	0	0.031888484954833984	0.012642145156860352	0.2557969093322754	0.3891713619232178
80	1000	20	4	2-approval	1	True	(52,)	29.2696202531533	29.26962025316423	0	0.03143763542175293	0.012657403945922852	0.2751479148864746	0.40974950790405273
80	1000	20	4	Borda	1	True	(52,)	40842.57142857142	40564.57142857141	4	0.03198075294494629	0.012973546981811523	0.6606431007385254	1.1947729587554932
10	1000	5	0	Plurality	1	True	(5,)	110.50000000000709	108.49999999999929	8	0.004404306411743164	0.002450227737426758	0.008999109268188477	0.026217222213745117
10	1000	5	0	2-approval	1	True	(5,)	216.33333333333914	212.33333333333192	8	0.004366874694824219	0.0024385452270507812	0.012154102325439453	0.03068065643310547
10	1000	5	0	Borda	1	True	(5,)	4634.166666666677	4604.166666666665	6	0.004427671432495117	0.002517223358154297	0.021358489990234375	0.04775071144104004
80	1000	5	3	Plurality	1	True	(24,)	13.025000000016277	13.024999999999821	0	0.03036952018737793	0.012615680694580078	0.3161051273345947	0.4596571922302246
80	1000	5	3	2-approval	1	True	(24,)	26.018354430364646	26.01835443037939	0	0.030284881591796875	0.012686491012573242	0.33718061447143555	0.48595261573791504
80	1000	5	3	Borda	1	True	(0, 24)	39837.5	39837.5	0	0.030139923095703125	0.012860298156738281	0.4058225154876709	0.9337844848632812
10	1000	5	9	Plurality	1	True	(7,)	113.40000000000782	109.39999999999922	4	0.004364967346191406	0.002378225326538086	0.00895833969116211	0.02591681480407715
10	1000	5	9	2-approval	1	True	(8,)	213.24444444445086	213.24444444444276	0	0.004292726516723633	0.0023522377014160156	0.01202845573425293	0.030097007751464844
10	1000	5	9	Borda	1	True	(8,)	4600.666666666669	4582.666666666667	2	0.004294395446777344	0.0025429725646972656	0.02161264419555664	0.04830455780029297
10	10000	5	3	Plurality	1	True	(2,)	1024.9000000005155	1016.9000000000698	8	0.03835463523864746	0.020366191864013672	0.07744240760803223	0.23032355308532715
10	10000	5	3	2-approval	1	True	(2,)	2034.0222222216066	2026.022222222361	8	0.03814339637756348	0.020932912826538086	0.10505962371826172	0.2702634334564209
10	10000	5	3	Borda	1	True	(8,)	45234.66666666697	45234.66666666659	0	0.03823208808898926	0.020564556121826172	0.18636560440063477	0.4147801399230957
10	10000	5	5	Plurality	1	True	(8,)	1035.700000000574	1022.7000000000692	17	0.0390009880065918	0.02053976058959961	0.07806134223937988	0.23211097717285156
10	10000	5	5	2-approval	1	True	(8,)	2070.4444444438554	2037.4444444445885	37	0.03913688659667969	0.02070903778076172	0.10459613800048828	0.271026611328125
10	10000	5	5	Borda	1	True	(8,)	45444.83333333343	45307.8333333335	21	0.037900447845458984	0.021409988403320312	0.1851649284362793	0.41391539573669434
10	10000	5	7	Plurality	1	True	(5,)	1032.7000000005273	1020.7000000000705	12	0.03849983215332031	0.020679235458374023	0.07740616798400879	0.23063898086547852
10	10000	5	7	2-approval	1	True	(5,)	2043.622222221609	2027.622222222369	24	0.03834962844848633	0.02049851417541504	0.10526418685913086	0.27095818519592285
10	10000	5	7	Borda	1	True	(5,)	45425.00000000012	45277.000000000095	20	0.03857922554016113	0.02126336097717285	0.1866438388824463	0.4181180000305176
10	10000	5	0	Plurality	1	True	(2,)	1022.2000000005564	1022.2000000000712	0	0.03832674026489258	0.02107858657836914	0.07720708847045898	0.22983312606811523
10	10000	5	0	2-approval	1	True	(2,)	2040.399999999388	2035.4000000001458	5	0.038677215576171875	0.02125692367553711	0.1061561107635498	0.27167510986328125
10	10000	5	0	Borda	1	True	(2,)	45346.9999999998	45302.000000000044	5	0.038999080657958984	0.02128148078918457	0.18599319458007812	0.4165940284729004
10	10000	5	9	Plurality	1	True	(8,)	1031.7000000005353	1026.7000000000712	5	0.03899049758911133	0.020287036895751953	0.07670450210571289	0.2319164276123047
10	10000	5	9	2-approval	1	True	(8,)	2072.9333333327486	2039.933333333479	33	0.03838849067687988	0.021541357040405273	0.10538148880004883	0.2723233699798584
10	10000	5	9	Borda	1	True	(8,)	45709.50000000004	45297.50000000027	52	0.038127899169921875	0.020734310150146484	0.18641448020935059	0.4168250560760498
10	10000	5	2	Plurality	1	True	(9,)	1036.3000000005452	1028.3000000000725	8	0.03891944885253906	0.02092909812927246	0.07725119590759277	0.23261618614196777
10	10000	5	2	2-approval	1	True	(9,)	2040.0666666660536	2040.0666666668126	0	0.03834724426269531	0.02043461799621582	0.10442662239074707	0.26975154876708984
10	10000	5	2	Borda	1	True	(7,)	45356.83333333333	45284.83333333333	8	0.03803563117980957	0.02071857452392578	0.18743681907653809	0.4179089069366455
10	10000	5	4	Plurality	1	True	(5,)	1021.1000000005114	1021.1000000000704	0	0.03906750679016113	0.020528554916381836	0.07873153686523438	0.23511409759521484
10	10000	5	4	2-approval	1	True	(5,)	2031.7555555549532	2031.7555555557026	0	0.039588212966918945	0.021144866943359375	0.10429143905639648	0.27121758460998535
10	10000	5	4	Borda	1	True	(5,)	45289.500000000284	45259.50000000011	6	0.03933286666870117	0.021288156509399414	0.18945717811584473	0.4245736598968506
10	10000	5	6	Plurality	1	True	(5,)	1026.5000000005384	1022.5000000000731	4	0.03841733932495117	0.020270586013793945	0.0764765739440918	0.22842860221862793
10	10000	5	6	2-approval	1	True	(5,)	2037.7555555549354	2029.755555555703	12	0.038463592529296875	0.02084064483642578	0.10384535789489746	0.2677631378173828
10	10000	5	6	Borda	1	True	(3,)	45203.000000000226	45163.00000000003	8	0.03784608840942383	0.02078843116760254	0.18608880043029785	0.4154534339904785
10	10000	5	8	Plurality	1	True	(0,)	1015.7000000005331	1011.700000000071	4	0.039473533630371094	0.020688772201538086	0.07878565788269043	0.23404455184936523
10	10000	5	8	2-approval	1	True	(0,)	2018.8666666660395	2018.866666666811	0	0.038512229919433594	0.020986318588256836	0.10495853424072266	0.2718222141265869
10	10000	5	8	Borda	1	True	(3,)	45254.66666666663	45162.66666666663	12	0.03915858268737793	0.021108150482177734	0.18828225135803223	0.42308473587036133
10	10000	5	1	Plurality	1	True	(4,)	1034.600000000558	1029.6000000000722	5	0.039153099060058594	0.020613431930541992	0.0782778263092041	0.23335742950439453
10	10000	5	1	2-approval	1	True	(4,)	2050.6444444438366	2041.6444444445908	9	0.03842329978942871	0.02062821388244629	0.1047816276550293	0.26891446113586426
10	10000	5	1	Borda	1	True	(6,)	45374.33333333353	45273.33333333339	13	0.03858184814453125	0.022075653076171875	0.1888139247894287	0.4229452610015869
10	100000	5	7	Plurality	1	True	(1,)	10057.0000000011	10057.000000000426	13	0.15757966041564941	0.06992149353027344	0.2673652172088623	0.9873261451721191
10	100000	5	7	2-approval	1	True	(1,)	20116.62222221529	20081.622222223097	72	0.15772747993469238	0.07159948348999023	0.3650946617126465	1.130573034286499
10	100000	5	7	Borda	1	True	(7,)	450744.1666666686	450627.1666666662	13	0.1580030918121338	0.07179021835327148	0.6320374011993408	1.6028046607971191
10	100000	5	0	Plurality	1	True	(2,)	10066.200000000681	10066.200000000385	27	0.15710997581481934	0.06931161880493164	0.26340603828430176	0.9792430400848389
10	100000	5	0	2-approval	1	True	(2,)	20189.533333326213	20126.533333334064	75	0.15494394302368164	0.07156729698181152	0.36010146141052246	1.1023316383361816
10	100000	5	0	Borda	1	True	(2,)	452210.50000000355	451130.4999999968	152	0.154313325881958	0.07195019721984863	0.6413207054138184	1.6089658737182617
10	100000	5	9	Plurality	1	True	(8,)	10058.300000001134	10058.300000000401	0	0.15346217155456543	0.06847786903381348	0.2665259838104248	0.9665894508361816
10	100000	5	9	2-approval	1	True	(8,)	20091.08888888218	20079.088888889695	54	0.1544477939605713	0.07060694694519043	0.36223316192626953	1.1026179790496826
10	100000	5	9	Borda	1	True	(8,)	450805.16666666436	450720.16666666477	17	0.15430355072021484	0.07277655601501465	0.6445186138153076	1.6276452541351318
10	100000	5	2	Plurality	1	True	(8,)	10061.200000001001	10061.20000000044	0	0.1539764404296875	0.06983304023742676	0.2717902660369873	0.9787592887878418
10	100000	5	2	2-approval	1	True	(5,)	20094.02222221526	20094.02222222298	0	0.15410661697387695	0.06978106498718262	0.35683679580688477	1.0897750854492188
10	100000	5	2	Borda	1	True	(8,)	450738.8333333318	450738.8333333336	0	0.15301799774169922	0.07343077659606934	0.6314163208007812	1.6012749671936035
10	100000	5	4	Plurality	1	True	(0,)	10102.400000000809	10076.400000000409	50	0.1542196273803711	0.07026004791259766	0.2697620391845703	0.9757051467895508
10	100000	5	4	2-approval	1	True	(0,)	20143.68888888202	20117.68888888972	38	0.15650010108947754	0.07170724868774414	0.36063241958618164	1.1049046516418457
10	100000	5	4	Borda	1	True	(9,)	451289.83333333815	450891.8333333324	50	0.15443778038024902	0.07061195373535156	0.6388027667999268	1.6027939319610596
10	100000	5	6	Plurality	1	True	(4,)	10062.000000001415	10062.000000000364	0	0.15479087829589844	0.07066941261291504	0.26511716842651367	0.9670829772949219
10	100000	5	6	2-approval	1	True	(4,)	20132.266666659925	20094.266666667445	63	0.1548480987548828	0.07158851623535156	0.36141443252563477	1.112342119216919
10	100000	5	6	Borda	1	True	(9,)	451236.8333333397	450873.8333333328	63	0.1528763771057129	0.07259750366210938	0.6303505897521973	1.5954875946044922
10	100000	5	8	Plurality	1	True	(1,)	10060.10000000121	10048.100000000364	12	0.15445160865783691	0.06888365745544434	0.26445579528808594	0.9656553268432617
10	100000	5	8	2-approval	1	True	(4,)	20073.333333326376	20073.33333333409	0	0.15729618072509766	0.07047009468078613	0.3557422161102295	1.1110682487487793
10	100000	5	8	Borda	1	True	(4,)	450699.33333333075	450591.3333333348	12	0.1584455966949463	0.07083392143249512	0.6314914226531982	1.6049408912658691
10	100000	5	1	Plurality	1	True	(0,)	10083.400000001366	10071.400000000373	48	0.15882539749145508	0.06954383850097656	0.266193151473999	0.9881086349487305
10	100000	5	1	2-approval	1	True	(0,)	20121.02222221545	20097.022222222982	59	0.15883660316467285	0.07001948356628418	0.3607368469238281	1.1188383102416992
10	100000	5	1	Borda	1	True	(5,)	450911.00000000314	450850.99999999924	12	0.1542675495147705	0.07211780548095703	0.6365871429443359	1.611515760421753
10	100000	5	3	Plurality	1	True	(8,)	10103.200000000608	10089.200000000377	14	0.1580824851989746	0.06894111633300781	0.2649717330932617	0.9713819026947021
10	100000	5	3	2-approval	1	True	(6,)	20124.288888881158	20124.288888889558	14	0.1548137664794922	0.07172060012817383	0.3573603630065918	1.1020874977111816
10	100000	5	3	Borda	1	True	(9,)	450935.6666666696	450809.66666666575	14	0.15593528747558594	0.0720674991607666	0.636223554611206	1.5998902320861816
10	100000	5	5	Plurality	1	True	(2,)	10052.60000000094	10052.600000000339	24	0.15447783470153809	0.06908559799194336	0.26181459426879883	0.9621005058288574
10	100000	5	5	2-approval	1	True	(2,)	20088.799999993993	20064.80000000071	48	0.15342378616333008	0.07149338722229004	0.35803723335266113	1.1026759147644043
10	100000	5	5	Borda	1	True	(1,)	450792.833333339	450684.8333333326	12	0.15538692474365234	0.07201671600341797	0.6337857246398926	1.6026084423065186
10	1000000	5	1	Plurality	1	True	(1,)	100393.09999999491	100226.09999999881	224	0.16896390914916992	0.07182526588439941	0.2724921703338623	3.003779649734497
10	1000000	5	1	2-approval	1	True	(1,)	200629.08888886563	200295.0888888867	334	0.1658473014831543	0.07276415824890137	0.3700981140136719	3.0591206550598145
10	1000000	5	1	Borda	1	True	(1,)	4506777.833333352	4503243.833333327	442	0.16599726676940918	0.0778200626373291	0.6722791194915771	3.7261080741882324
10	1000000	5	3	Plurality	1	True	(2,)	100251.99999999517	100189.99999999958	62	0.17600631713867188	0.07290410995483398	0.2746145725250244	2.9639217853546143
10	1000000	5	3	2-approval	1	True	(2,)	200247.28888885624	200247.28888888843	0	0.16676926612854004	0.0757451057434082	0.3757162094116211	3.15281343460083
10	1000000	5	3	Borda	1	True	(3,)	4502280.666666626	4502280.666666671	0	0.1637721061706543	0.07419919967651367	0.663966178894043	3.5810422897338867
10	1000000	5	5	Plurality	1	True	(1,)	100175.89999999273	100175.89999999866	0	0.16491079330444336	0.07260847091674805	0.2765688896179199	3.0034685134887695
10	1000000	5	5	2-approval	1	True	(4,)	200242.66666663485	200242.66666666477	60	0.16874456405639648	0.07341623306274414	0.3714163303375244	3.0826213359832764
10	1000000	5	5	Borda	1	True	(4,)	4505221.3333333405	4502075.3333333125	402	0.18306851387023926	0.07577872276306152	0.668097734451294	3.65478515625
10	1000000	5	7	Plurality	1	True	(1,)	100332.39999999279	100219.3999999986	283	0.16783809661865234	0.07418966293334961	0.27303385734558105	2.999258041381836
10	1000000	5	7	2-approval	1	True	(1,)	200254.77777775054	200197.77777777525	116	0.16608786582946777	0.07333564758300781	0.3722991943359375	3.118788242340088
10	1000000	5	7	Borda	1	True	(6,)	4501210.000000021	4501209.99999999	0	0.16738176345825195	0.07473444938659668	0.6685819625854492	3.6445412635803223
10	1000000	5	0	Plurality	1	True	(1,)	100231.69999998726	100231.69999999908	58	0.16440320014953613	0.07238268852233887	0.27406787872314453	2.982107639312744
10	1000000	5	0	2-approval	1	True	(1,)	200322.5111110785	200264.51111111097	58	0.16373085975646973	0.07247209548950195	0.3694329261779785	3.037663221359253
10	1000000	5	0	Borda	1	True	(5,)	4501525.3333333265	4501525.33333334	0	0.16349196434020996	0.07686114311218262	0.6578357219696045	3.6955883502960205
10	1000000	5	9	Plurality	1	True	(0,)	100218.49999998465	100218.49999999964	0	0.1683659553527832	0.07173919677734375	0.27625179290771484	2.9438023567199707
10	1000000	5	9	2-approval	1	True	(0,)	200376.44444441475	200317.44444444383	59	0.16501975059509277	0.07517647743225098	0.3791666030883789	3.1769120693206787
10	1000000	5	9	Borda	1	True	(0,)	4502275.166666645	4502275.166666662	0	0.16346240043640137	0.07431387901306152	0.660341739654541	3.610166311264038
10	1000000	5	2	Plurality	1	True	(7,)	100199.49999999738	100199.49999999943	0	0.16397976875305176	0.07213544845581055	0.2752103805541992	2.9790287017822266
10	1000000	5	2	2-approval	1	True	(7,)	200440.02222219555	200324.0222222211	116	0.16867399215698242	0.07419538497924805	0.3734443187713623	3.093690872192383
10	1000000	5	2	Borda	1	True	(1,)	4503171.33333334	4502640.333333336	59	0.1629011631011963	0.07515549659729004	0.6615710258483887	3.674882411956787
10	1000000	5	4	Plurality	1	True	(6,)	100238.19999998396	100179.19999999992	59	0.16806507110595703	0.07270383834838867	0.27407336235046387	2.9518489837646484
10	1000000	5	4	2-approval	1	True	(6,)	200188.19999997632	200188.19999999928	0	0.1648399829864502	0.07452726364135742	0.3724684715270996	3.188363552093506
10	1000000	5	4	Borda	1	True	(5,)	4501501.5	4501501.499999997	0	0.16702747344970703	0.0743551254272461	0.6608560085296631	3.609644651412964
10	1000000	5	6	Plurality	1	True	(5,)	100222.39999999765	100222.39999999912	57	0.1649489402770996	0.07200789451599121	0.2748582363128662	2.9426066875457764
10	1000000	5	6	2-approval	1	True	(5,)	200416.1333333056	200360.13333333118	227	0.16807246208190918	0.07303953170776367	0.37227582931518555	3.106285333633423
10	1000000	5	6	Borda	1	True	(5,)	4503271.000000014	4502700.999999993	114	0.16449666023254395	0.07422566413879395	0.6901869773864746	3.6602208614349365
10	1000000	5	8	Plurality	1	True	(2,)	100430.29999998752	100255.29999999948	175	0.16479897499084473	0.07306718826293945	0.2739689350128174	2.9582934379577637
10	1000000	5	8	2-approval	1	True	(2,)	200640.71111108683	200354.71111111037	286	0.16578245162963867	0.07526540756225586	0.37450504302978516	3.2033536434173584
10	1000000	5	8	Borda	1	True	(2,)	4503000.83333336	4502705.833333339	59	0.16390180587768555	0.07669496536254883	0.6552379131317139	3.603226900100708
80	100	5	0	Plurality	1	True	(29,)	1.4750000000001602	1.4749999999999976	0	0.0030357837677001953	0.0013768672943115234	0.03153252601623535	0.046308040618896484
80	100	5	0	2-approval	1	True	(29,)	2.93417721519	2.9341772151898686	0	0.0029916763305664062	0.0013506412506103516	0.03393101692199707	0.0490872859954834
80	100	5	0	Borda	1	True	(60,)	4085.0	4085.0	0	0.00299072265625	0.0013654232025146484	0.04074907302856445	0.0940403938293457
80	100	5	3	Plurality	1	True	(35, 37)	1.4125000000001637	1.4125000000001637	0	0.003001689910888672	0.0013506412506103516	0.03132939338684082	0.046720027923583984
80	100	5	3	2-approval	1	True	(35,)	2.815506329114057	2.815506329113919	0	0.0030007362365722656	0.001344919204711914	0.033536672592163086	0.04881620407104492
80	100	5	3	Borda	1	True	(49,)	4058.0	4058.0	0	0.0029981136322021484	0.0013613700866699219	0.03973197937011719	0.09318828582763672
80	100	5	6	Plurality	1	True	(54,)	1.4375000000001659	1.4374999999999976	0	0.003042936325073242	0.0013341903686523438	0.03142690658569336	0.04634690284729004
80	100	5	6	2-approval	1	True	(54,)	2.862341772152038	2.862341772151894	0	0.0029897689819335938	0.0013551712036132812	0.03370976448059082	0.04903149604797363
80	100	5	6	Borda	1	True	(20, 54, 71)	4044.5	4044.5	0	0.002997159957885742	0.0013630390167236328	0.04012942314147949	0.09338545799255371
80	100	5	9	Plurality	1	True	(64,)	1.4375000000001694	1.4374999999999973	0	0.0029938220977783203	0.0013325214385986328	0.03154778480529785	0.04614615440368652
80	100	5	9	2-approval	1	True	(64,)	2.862341772152038	2.8623417721518933	0	0.0029931068420410156	0.0013077259063720703	0.03375387191772461	0.04883241653442383
80	100	5	9	Borda	1	True	(20,)	4058.0	4058.0	0	0.002984285354614258	0.0013315677642822266	0.040267229080200195	0.09357166290283203
80	100	5	5	Plurality	1	True	(35,)	1.4500000000001545	1.4499999999999977	0	0.0030128955841064453	0.0013015270233154297	0.03151297569274902	0.04582047462463379
80	100	5	5	2-approval	1	True	(35,)	2.8841772151899887	2.884177215189869	0	0.0029888153076171875	0.0013098716735839844	0.033835411071777344	0.048783302307128906
80	100	5	5	Borda	1	True	(40, 49, 67)	4058.0	4058.0	0	0.003007173538208008	0.0013267993927001953	0.04042553901672363	0.09294009208679199
80	100	5	2	Plurality	1	True	(23,)	1.5250000000001618	1.5249999999999977	0	0.0029931068420410156	0.0013005733489990234	0.031624555587768555	0.04604911804199219
80	100	5	2	2-approval	1	True	(23,)	3.0310126582279753	3.0310126582278434	0	0.003007173538208008	0.0013239383697509766	0.03487801551818848	0.04992532730102539
80	100	5	2	Borda	1	True	(23,)	4098.5	4098.5	0	0.0030028820037841797	0.0013241767883300781	0.040157318115234375	0.0932626724243164
80	100	5	8	Plurality	1	True	(33,)	1.4375000000001694	1.4374999999999973	0	0.0029942989349365234	0.0013055801391601562	0.0318143367767334	0.04668378829956055
80	100	5	8	2-approval	1	True	(33,)	2.862341772152038	2.8623417721518933	0	0.0029990673065185547	0.0013108253479003906	0.03388166427612305	0.04918789863586426
80	100	5	8	Borda	1	True	(19, 33)	4058.0	4058.0	0	0.0030050277709960938	0.0013265609741210938	0.04002976417541504	0.09268331527709961
80	100	5	1	Plurality	1	True	(39,)	1.4125000000001602	1.4124999999999972	0	0.003005504608154297	0.0013010501861572266	0.0317530632019043	0.04629397392272949
80	100	5	1	2-approval	1	True	(39,)	2.8155063291140605	2.8155063291139184	0	0.0030133724212646484	0.001306295394897461	0.033481597900390625	0.048403263092041016
80	100	5	1	Borda	1	True	(32,)	4071.5	4071.5	0	0.003012418746948242	0.001316070556640625	0.03970742225646973	0.09276318550109863
80	100	5	7	Plurality	1	True	(32,)	1.450000000000158	1.4499999999999975	0	0.003026247024536133	0.0013175010681152344	0.031531333923339844	0.04629039764404297
80	100	5	7	2-approval	1	True	(32,)	2.8873417721520296	2.887341772151894	0	0.003012418746948242	0.0013227462768554688	0.0336298942565918	0.04874706268310547
80	100	5	7	Borda	1	True	(32,)	4071.5	4071.5	0	0.0030126571655273438	0.0013267993927001953	0.039783477783203125	0.09290909767150879
80	100	5	4	Plurality	1	True	(47,)	1.5250000000001644	1.5249999999999972	0	0.0030205249786376953	0.0013089179992675781	0.03141498565673828	0.04614758491516113
80	100	5	4	2-approval	1	True	(47,)	3.0310126582279824	3.0310126582278425	0	0.0030312538146972656	0.0013103485107421875	0.03343057632446289	0.04844236373901367
80	100	5	4	Borda	1	True	(10,)	4098.5	4098.5	0	0.0030317306518554688	0.0013248920440673828	0.0397343635559082	0.09366202354431152
80	10000	5	0	Plurality	1	True	(79,)	126.76249999993311	126.76250000001882	0	0.303311824798584	0.12541532516479492	3.1603145599365234	4.610581636428833
80	10000	5	0	2-approval	1	True	(79,)	253.41740506152743	253.41740506332889	0	0.3031129837036133	0.12691521644592285	3.4225962162017822	4.9399285316467285
80	10000	5	0	Borda	1	True	(79,)	396375.0	396217.0	2	0.30309343338012695	0.12854599952697754	4.0332558155059814	9.389328241348267
80	10000	5	6	Plurality	1	True	(46,)	126.2124999999098	126.21250000001861	0	0.30648088455200195	0.12685346603393555	3.1356594562530518	4.588189125061035
80	10000	5	6	2-approval	1	True	(46,)	252.3585443020463	252.35854430383478	0	0.3060319423675537	0.12805819511413574	3.342167854309082	4.859104633331299
80	10000	5	6	Borda	1	True	(7,)	396079.0	396000.0	1	0.30559420585632324	0.1317284107208252	4.050935745239258	9.518879175186157
80	10000	5	3	Plurality	1	True	(56,)	126.37499999991124	126.37500000001864	0	0.30425095558166504	0.1259455680847168	3.1659841537475586	4.627481698989868
80	10000	5	3	2-approval	1	True	(56,)	252.6234177197656	252.62341772155642	0	0.3067739009857178	0.12729930877685547	3.359886646270752	4.874203205108643
80	10000	5	3	Borda	1	True	(27,)	396171.5	396096.5	1	0.3033573627471924	0.13152575492858887	4.004043340682983	9.347665071487427
80	10000	5	9	Plurality	1	True	(60,)	126.22499999988744	126.22500000001871	0	0.30356740951538086	0.12530779838562012	3.126908302307129	4.579639673233032
80	10000	5	9	2-approval	1	True	(60,)	252.35189873244337	252.35189873421467	0	0.3028995990753174	0.12673687934875488	3.343947649002075	4.874440670013428
80	10000	5	9	Borda	1	True	(21,)	395945.0	395945.0	0	0.306398868560791	0.12890052795410156	4.021750450134277	9.388835668563843
80	10000	5	2	Plurality	1	True	(53,)	126.44999999991163	126.45000000001866	0	0.3014969825744629	0.1263744831085205	3.132406711578369	4.656920909881592
80	10000	5	2	2-approval	1	True	(53,)	252.82405063115777	252.82405063294877	0	0.3019416332244873	0.1294717788696289	3.3384361267089844	4.846252918243408
80	10000	5	2	Borda	1	True	(59,)	396026.0	396026.0	0	0.3021245002746582	0.12890315055847168	4.014470338821411	9.355836629867554
80	10000	5	5	Plurality	1	True	(66,)	126.4749999999107	126.47500000001885	0	0.30336976051330566	0.12514162063598633	3.1469526290893555	4.596184015274048
80	10000	5	5	2-approval	1	True	(66,)	252.8993670868548	252.89936708864528	0	0.3012733459472656	0.12630677223205566	3.3486275672912598	4.86672568321228
80	10000	5	5	Borda	1	True	(66,)	396386.5	396070.5	4	0.3008582592010498	0.12912940979003906	4.033806324005127	9.37256908416748
80	10000	5	8	Plurality	1	True	(16,)	126.57499999991066	126.5750000000188	0	0.301694393157959	0.12662768363952637	3.145289659500122	4.612893104553223
80	10000	5	8	2-approval	1	True	(16,)	253.08987341597035	253.08987341775915	0	0.3007478713989258	0.12938690185546875	3.352638006210327	4.8650596141815186
80	10000	5	8	Borda	1	True	(16,)	396549.5	396312.5	3	0.30133771896362305	0.12842297554016113	3.9987072944641113	9.334429264068604
80	10000	5	4	Plurality	1	True	(37,)	126.54999999989926	126.55000000001854	0	0.30329108238220215	0.12608933448791504	3.1435770988464355	4.612837791442871
80	10000	5	4	2-approval	1	True	(37,)	253.01772151724492	253.01772151902458	0	0.30046510696411133	0.12619352340698242	3.3516623973846436	4.8522539138793945
80	10000	5	4	Borda	1	True	(36,)	396107.0	396107.0	0	0.30147886276245117	0.13090038299560547	4.002418518066406	9.372819662094116
80	10000	5	1	Plurality	1	True	(2,)	126.59999999991842	126.60000000001882	0	0.30226802825927734	0.12569189071655273	3.1298770904541016	4.585520029067993
80	10000	5	1	2-approval	1	True	(2,)	253.07341771975723	253.07341772155675	0	0.29952311515808105	0.12584471702575684	3.3332748413085938	4.8585426807403564
80	10000	5	1	Borda	1	True	(23,)	396331.5	395936.5	5	0.3051462173461914	0.12796950340270996	4.124331712722778	9.478722333908081
80	10000	5	7	Plurality	1	True	(37,)	126.12499999988691	126.1250000000187	0	0.30269646644592285	0.12863683700561523	3.1312923431396484	4.5855913162231445
80	10000	5	7	2-approval	1	True	(37,)	252.1835443020542	252.18354430383494	0	0.3009331226348877	0.1265101432800293	3.3832833766937256	4.889505863189697
80	10000	5	7	Borda	1	True	(38,)	396093.5	396093.5	0	0.3015925884246826	0.12880158424377441	4.002277851104736	9.345274686813354
80	100000	5	5	Plurality	1	True	(52,)	1254.7249998357656	1254.7250000022143	0	3.0719637870788574	1.2552247047424316	31.875849723815918	47.0342755317688
80	100000	5	5	2-approval	1	True	(52,)	2511.0518986226953	2509.051898738606	2	3.0636110305786133	1.2884457111358643	33.818769216537476	50.23203444480896
80	100000	5	5	Borda	1	True	(64,)	3953305.5	3953147.5	2	3.0519638061523438	1.3224055767059326	40.29634428024292	94.28684449195862
80	100000	5	2	Plurality	1	True	(70,)	1254.3249998354365	1254.3250000022153	0	3.0519258975982666	1.2709450721740723	31.59548854827881	47.25386643409729
80	100000	5	2	2-approval	1	True	(70,)	2508.425316343451	2508.425316460127	0	3.0533533096313477	1.2854423522949219	33.64669418334961	49.166743755340576
80	100000	5	2	Borda	1	True	(70,)	3955216.0	3953802.0	18	3.0603368282318115	1.2833008766174316	40.30902552604675	94.48767042160034
80	100000	5	8	Plurality	1	True	(52,)	1254.4249998359103	1254.4250000022132	0	3.046980142593384	1.2849268913269043	31.502216339111328	46.25141763687134
80	100000	5	8	2-approval	1	True	(52,)	2508.5873416604572	2508.5873417765783	0	3.053711414337158	1.269608736038208	33.5698983669281	49.80647087097168
80	100000	5	8	Borda	1	True	(63,)	3953213.0	3953213.0	0	3.0297951698303223	1.3408846855163574	40.8746542930603	95.2291669845581
80	100000	5	1	Plurality	1	True	(57,)	1254.537499835741	1254.5375000022088	0	3.0463430881500244	1.252922534942627	31.562952995300293	46.96129488945007
80	100000	5	1	2-approval	1	True	(57,)	2508.701582166621	2508.701582282899	0	3.0504913330078125	1.278791904449463	33.8686466217041	49.95441126823425
80	100000	5	1	Borda	1	True	(33,)	3953975.5	3953422.5	7	3.056180715560913	1.2794702053070068	40.65669393539429	94.70839953422546
80	100000	5	7	Plurality	1	True	(77,)	1258.2249998355821	1256.2250000022216	2	3.040771245956421	1.260091781616211	31.575159072875977	46.45212459564209
80	100000	5	7	2-approval	1	True	(77,)	2515.96012647018	2511.960126586722	4	3.048475980758667	1.3038489818572998	33.76740765571594	49.33477282524109
80	100000	5	7	Borda	1	True	(34,)	3954110.5	3953557.5	7	3.068753480911255	1.3022069931030273	40.50355529785156	95.32576870918274
80	100000	5	4	Plurality	1	True	(73,)	1254.5624998359956	1254.562500002209	0	3.0547022819519043	1.2698259353637695	31.58771800994873	47.04840660095215
80	100000	5	4	2-approval	1	True	(73,)	2508.9952530530186	2508.9952531689746	0	3.058772087097168	1.2825767993927002	33.74868726730347	49.287338972091675
80	100000	5	4	Borda	1	True	(73,)	3953574.5	3953337.5	3	3.0655746459960938	1.304426908493042	40.42965531349182	94.38074398040771
80	100000	5	0	Plurality	1	True	(42,)	1257.1124998357516	1256.112500002218	1	3.038160562515259	1.3023264408111572	32.05758833885193	47.55248522758484
80	100000	5	0	2-approval	1	True	(42,)	2513.6810125462976	2511.6810126626638	2	3.061167001724243	1.2709271907806396	34.255932569503784	49.955527782440186
80	100000	5	0	Borda	1	True	(19,)	3953889.5	3952941.5	12	3.0621209144592285	1.3020849227905273	40.34255504608154	94.18209719657898
80	100000	5	3	Plurality	1	True	(70,)	1254.6124998356922	1254.612500002212	0	3.051551342010498	1.268442153930664	31.392037391662598	46.891860485076904
80	100000	5	3	2-approval	1	True	(15,)	2508.9253163436306	2508.9253164601423	0	3.0553038120269775	1.2634153366088867	33.69494295120239	49.14337372779846
80	100000	5	3	Borda	1	True	(66,)	3954832.5	3953726.5	14	3.0658395290374756	1.2834200859069824	40.440794944763184	94.10187911987305
80	100000	5	6	Plurality	1	True	(37,)	1255.0749998355077	1255.075000002221	0	3.0452282428741455	1.2736196517944336	31.446718454360962	46.94656682014465
80	100000	5	6	2-approval	1	True	(37,)	2510.6787973564697	2509.6787974727968	1	3.0373284816741943	1.300891637802124	33.630430936813354	49.071033000946045
80	100000	5	6	Borda	1	True	(41,)	3954413.0	3953232.0	15	3.060445785522461	1.3008601665496826	40.39330697059631	94.30600380897522
80	100000	5	9	Plurality	1	True	(21,)	1254.3749998355393	1254.3750000022153	0	3.046903610229492	1.2745788097381592	31.529197692871094	46.98034596443176
80	100000	5	9	2-approval	1	True	(21,)	2508.5917720402185	2508.5917721563296	0	3.0471081733703613	1.260913610458374	33.76600241661072	49.182595014572144
80	100000	5	9	Borda	1	True	(21,)	3953483.0	3953483.0	0	3.0436630249023438	1.2809727191925049	40.39049315452576	94.09264135360718
